HG00423	s3://human-pangenomics/submissions/02355F32-E75A-4279-A7B8-FCCEA70FB6CD--DEEPCONSENSUS_v1pt2/HG00423/raw_data/PacBio_HiFi/deepconsensus/v1pt2/HG00423.m64043_210205_190424.dc.q20.fastq.gz
HG00423	s3://human-pangenomics/submissions/02355F32-E75A-4279-A7B8-FCCEA70FB6CD--DEEPCONSENSUS_v1pt2/HG00423/raw_data/PacBio_HiFi/deepconsensus/v1pt2/HG00423.m64043_210207_011920.dc.q20.fastq.gz
HG00423	s3://human-pangenomics/submissions/02355F32-E75A-4279-A7B8-FCCEA70FB6CD--DEEPCONSENSUS_v1pt2/HG00423/raw_data/PacBio_HiFi/deepconsensus/v1pt2/HG00423.m64043_210209_184051.dc.q20.fastq.gz
HG00423	s3://human-pangenomics/submissions/02355F32-E75A-4279-A7B8-FCCEA70FB6CD--DEEPCONSENSUS_v1pt2/HG00423/raw_data/PacBio_HiFi/deepconsensus/v1pt2/HG00423.m64043_210211_005516.dc.q20.fastq.gz
HG00423	s3://human-pangenomics/submissions/67b71022-da25-40ef-b56f-52297e946b32--WUSTL_HPRC_HiFi_Year2_TopUp/HG00423/PacBio_HiFi/m84081_231112_030942_s3.hifi_reads.bc2078.bam
HG00544	s3://human-pangenomics/submissions/02355F32-E75A-4279-A7B8-FCCEA70FB6CD--DEEPCONSENSUS_v1pt2/HG00544/raw_data/PacBio_HiFi/deepconsensus/v1pt2/HG00544.m64043_210702_183246.dc.q20.fastq.gz
HG00544	s3://human-pangenomics/submissions/02355F32-E75A-4279-A7B8-FCCEA70FB6CD--DEEPCONSENSUS_v1pt2/HG00544/raw_data/PacBio_HiFi/deepconsensus/v1pt2/HG00544.m64136_210520_180433.dc.q20.fastq.gz
HG00544	s3://human-pangenomics/submissions/02355F32-E75A-4279-A7B8-FCCEA70FB6CD--DEEPCONSENSUS_v1pt2/HG00544/raw_data/PacBio_HiFi/deepconsensus/v1pt2/HG00544.m64136_210522_014758.dc.q20.fastq.gz
HG00544	s3://human-pangenomics/submissions/02355F32-E75A-4279-A7B8-FCCEA70FB6CD--DEEPCONSENSUS_v1pt2/HG00544/raw_data/PacBio_HiFi/deepconsensus/v1pt2/HG00544.m64136_210523_100337.dc.q20.fastq.gz
HG00544	s3://human-pangenomics/submissions/02355F32-E75A-4279-A7B8-FCCEA70FB6CD--DEEPCONSENSUS_v1pt2/HG00544/raw_data/PacBio_HiFi/deepconsensus/v1pt2/HG00544.m64136_210525_165246.dc.q20.fastq.gz
HG00544	s3://human-pangenomics/submissions/67b71022-da25-40ef-b56f-52297e946b32--WUSTL_HPRC_HiFi_Year2_TopUp/HG00544/PacBio_HiFi/m84081_231117_211338_s4.hifi_reads.bc2086.bam
HG00544	s3://human-pangenomics/submissions/67b71022-da25-40ef-b56f-52297e946b32--WUSTL_HPRC_HiFi_Year2_TopUp/HG00544/PacBio_HiFi/m84081_231119_032407_s4.hifi_reads.bc2086.bam
HG00609	s3://human-pangenomics/submissions/02355F32-E75A-4279-A7B8-FCCEA70FB6CD--DEEPCONSENSUS_v1pt2/HG00609/raw_data/PacBio_HiFi/deepconsensus/v1pt2/HG00609.m64136_210620_054327.dc.q20.fastq.gz
HG00609	s3://human-pangenomics/submissions/02355F32-E75A-4279-A7B8-FCCEA70FB6CD--DEEPCONSENSUS_v1pt2/HG00609/raw_data/PacBio_HiFi/deepconsensus/v1pt2/HG00609.m64136_210622_163607.dc.q20.fastq.gz
HG00609	s3://human-pangenomics/submissions/02355F32-E75A-4279-A7B8-FCCEA70FB6CD--DEEPCONSENSUS_v1pt2/HG00609/raw_data/PacBio_HiFi/deepconsensus/v1pt2/HG00609.m64136_210624_033152.dc.q20.fastq.gz
HG00609	s3://human-pangenomics/submissions/67b71022-da25-40ef-b56f-52297e946b32--WUSTL_HPRC_HiFi_Year2_TopUp/HG00609/PacBio_HiFi/m84081_231124_014115_s1.hifi_reads.bc2090.bam
HG00609	s3://human-pangenomics/submissions/67b71022-da25-40ef-b56f-52297e946b32--WUSTL_HPRC_HiFi_Year2_TopUp/HG00609/PacBio_HiFi/m84081_231124_021221_s2.hifi_reads.bc2090.bam
HG00609	s3://human-pangenomics/submissions/67b71022-da25-40ef-b56f-52297e946b32--WUSTL_HPRC_HiFi_Year2_TopUp/HG00609/PacBio_HiFi/m84081_231124_024327_s3.hifi_reads.bc2090.bam
HG00642	s3://human-pangenomics/submissions/02355F32-E75A-4279-A7B8-FCCEA70FB6CD--DEEPCONSENSUS_v1pt2/HG00642/raw_data/PacBio_HiFi/deepconsensus/v1pt2/HG00642.m54329U_210524_174516.dc.q20.fastq.gz
HG00642	s3://human-pangenomics/submissions/02355F32-E75A-4279-A7B8-FCCEA70FB6CD--DEEPCONSENSUS_v1pt2/HG00642/raw_data/PacBio_HiFi/deepconsensus/v1pt2/HG00642.m64076_210516_091844.dc.q20.fastq.gz
HG00642	s3://human-pangenomics/submissions/02355F32-E75A-4279-A7B8-FCCEA70FB6CD--DEEPCONSENSUS_v1pt2/HG00642/raw_data/PacBio_HiFi/deepconsensus/v1pt2/HG00642.m64076_210520_213355.dc.q20.fastq.gz
HG00642	s3://human-pangenomics/submissions/02355F32-E75A-4279-A7B8-FCCEA70FB6CD--DEEPCONSENSUS_v1pt2/HG00642/raw_data/PacBio_HiFi/deepconsensus/v1pt2/HG00642.m64076_210522_082905.dc.q20.fastq.gz
HG00642	s3://human-pangenomics/submissions/4f8c8e63-dfd3-4f90-965f-8a8cf3ee4de9--UW_HPRC_HiFi_Y4_AND_Y3_Topoff/HG00642/m84046_230531_221339_s3.hifi_reads.default.bam
HG00738	s3://human-pangenomics/submissions/02355F32-E75A-4279-A7B8-FCCEA70FB6CD--DEEPCONSENSUS_v1pt2/HG00738/raw_data/PacBio_HiFi/deepconsensus/v1pt2/HG00738.m64043_210530_003337.dc.q20.fastq.gz
HG00738	s3://human-pangenomics/submissions/02355F32-E75A-4279-A7B8-FCCEA70FB6CD--DEEPCONSENSUS_v1pt2/HG00738/raw_data/PacBio_HiFi/deepconsensus/v1pt2/HG00738.m64043_210531_080529.dc.q20.fastq.gz
HG00738	s3://human-pangenomics/submissions/02355F32-E75A-4279-A7B8-FCCEA70FB6CD--DEEPCONSENSUS_v1pt2/HG00738/raw_data/PacBio_HiFi/deepconsensus/v1pt2/HG00738.m64043_210601_160048.dc.q20.fastq.gz
HG00738	s3://human-pangenomics/submissions/02355F32-E75A-4279-A7B8-FCCEA70FB6CD--DEEPCONSENSUS_v1pt2/HG00738/raw_data/PacBio_HiFi/deepconsensus/v1pt2/HG00738.m64136_210602_151340.dc.q20.fastq.gz
HG00738	s3://human-pangenomics/submissions/67b71022-da25-40ef-b56f-52297e946b32--WUSTL_HPRC_HiFi_Year2_TopUp/HG00738/PacBio_HiFi/m84081_231112_034048_s4.hifi_reads.bc2079.bam
HG01099	s3://human-pangenomics/submissions/02355F32-E75A-4279-A7B8-FCCEA70FB6CD--DEEPCONSENSUS_v1pt2/HG01099/raw_data/PacBio_HiFi/deepconsensus/v1pt2/HG01099.m64043_210704_052805.dc.q20.fastq.gz
HG01099	s3://human-pangenomics/submissions/02355F32-E75A-4279-A7B8-FCCEA70FB6CD--DEEPCONSENSUS_v1pt2/HG01099/raw_data/PacBio_HiFi/deepconsensus/v1pt2/HG01099.m64043_210705_162656.dc.q20.fastq.gz
HG01099	s3://human-pangenomics/submissions/02355F32-E75A-4279-A7B8-FCCEA70FB6CD--DEEPCONSENSUS_v1pt2/HG01099/raw_data/PacBio_HiFi/deepconsensus/v1pt2/HG01099.m64043_210707_032602.dc.q20.fastq.gz
HG01099	s3://human-pangenomics/submissions/67b71022-da25-40ef-b56f-52297e946b32--WUSTL_HPRC_HiFi_Year2_TopUp/HG01099/PacBio_HiFi/m84081_231124_014115_s1.hifi_reads.bc2092.bam
HG01099	s3://human-pangenomics/submissions/67b71022-da25-40ef-b56f-52297e946b32--WUSTL_HPRC_HiFi_Year2_TopUp/HG01099/PacBio_HiFi/m84081_231124_021221_s2.hifi_reads.bc2092.bam
HG01099	s3://human-pangenomics/submissions/67b71022-da25-40ef-b56f-52297e946b32--WUSTL_HPRC_HiFi_Year2_TopUp/HG01099/PacBio_HiFi/m84081_231124_024327_s3.hifi_reads.bc2092.bam
HG01255	s3://human-pangenomics/submissions/02355F32-E75A-4279-A7B8-FCCEA70FB6CD--DEEPCONSENSUS_v1pt2/HG01255/raw_data/PacBio_HiFi/deepconsensus/v1pt2/HG01255.m64043_210520_180149.dc.q20.fastq.gz
HG01255	s3://human-pangenomics/submissions/02355F32-E75A-4279-A7B8-FCCEA70FB6CD--DEEPCONSENSUS_v1pt2/HG01255/raw_data/PacBio_HiFi/deepconsensus/v1pt2/HG01255.m64136_210516_022225.dc.q20.fastq.gz
HG01255	s3://human-pangenomics/submissions/02355F32-E75A-4279-A7B8-FCCEA70FB6CD--DEEPCONSENSUS_v1pt2/HG01255/raw_data/PacBio_HiFi/deepconsensus/v1pt2/HG01255.m64136_210519_033858.dc.q20.fastq.gz
HG01255	s3://human-pangenomics/submissions/67b71022-da25-40ef-b56f-52297e946b32--WUSTL_HPRC_HiFi_Year2_TopUp/HG01255/PacBio_HiFi/m84081_231105_024654_s3.hifi_reads.default.bam
HG01346	s3://human-pangenomics/submissions/02355F32-E75A-4279-A7B8-FCCEA70FB6CD--DEEPCONSENSUS_v1pt2/HG01346/raw_data/PacBio_HiFi/deepconsensus/v1pt2/HG01346.m54329U_210624_221223.dc.q20.fastq.gz
HG01346	s3://human-pangenomics/submissions/02355F32-E75A-4279-A7B8-FCCEA70FB6CD--DEEPCONSENSUS_v1pt2/HG01346/raw_data/PacBio_HiFi/deepconsensus/v1pt2/HG01346.m54329U_210629_024631.dc.q20.fastq.gz
HG01346	s3://human-pangenomics/submissions/02355F32-E75A-4279-A7B8-FCCEA70FB6CD--DEEPCONSENSUS_v1pt2/HG01346/raw_data/PacBio_HiFi/deepconsensus/v1pt2/HG01346.m64076_210526_105450.dc.q20.fastq.gz
HG01346	s3://human-pangenomics/submissions/02355F32-E75A-4279-A7B8-FCCEA70FB6CD--DEEPCONSENSUS_v1pt2/HG01346/raw_data/PacBio_HiFi/deepconsensus/v1pt2/HG01346.m64076_210621_234241.dc.q20.fastq.gz
HG01346	s3://human-pangenomics/submissions/4f8c8e63-dfd3-4f90-965f-8a8cf3ee4de9--UW_HPRC_HiFi_Y4_AND_Y3_Topoff/HG01346/m84046_230720_182350_s1.hifi_reads.bc2005.bam
HG01496	s3://human-pangenomics/submissions/02355F32-E75A-4279-A7B8-FCCEA70FB6CD--DEEPCONSENSUS_v1pt2/HG01496/raw_data/PacBio_HiFi/deepconsensus/v1pt2/HG01496.m64043_210625_184443.dc.q20.fastq.gz
HG01496	s3://human-pangenomics/submissions/02355F32-E75A-4279-A7B8-FCCEA70FB6CD--DEEPCONSENSUS_v1pt2/HG01496/raw_data/PacBio_HiFi/deepconsensus/v1pt2/HG01496.m64043_210627_054642.dc.q20.fastq.gz
HG01496	s3://human-pangenomics/submissions/02355F32-E75A-4279-A7B8-FCCEA70FB6CD--DEEPCONSENSUS_v1pt2/HG01496/raw_data/PacBio_HiFi/deepconsensus/v1pt2/HG01496.m64043_210628_151651.dc.q20.fastq.gz
HG01496	s3://human-pangenomics/submissions/67b71022-da25-40ef-b56f-52297e946b32--WUSTL_HPRC_HiFi_Year2_TopUp/HG01496/PacBio_HiFi/m84081_231112_030942_s3.hifi_reads.bc2080.bam
HG01884	s3://human-pangenomics/submissions/02355F32-E75A-4279-A7B8-FCCEA70FB6CD--DEEPCONSENSUS_v1pt2/HG01884/raw_data/PacBio_HiFi/deepconsensus/v1pt2/HG01884.m54329U_210713_205453.dc.q20.fastq.gz
HG01884	s3://human-pangenomics/submissions/02355F32-E75A-4279-A7B8-FCCEA70FB6CD--DEEPCONSENSUS_v1pt2/HG01884/raw_data/PacBio_HiFi/deepconsensus/v1pt2/HG01884.m54329U_210716_214728.dc.q20.fastq.gz
HG01884	s3://human-pangenomics/submissions/02355F32-E75A-4279-A7B8-FCCEA70FB6CD--DEEPCONSENSUS_v1pt2/HG01884/raw_data/PacBio_HiFi/deepconsensus/v1pt2/HG01884.m54329U_210718_084331.dc.q20.fastq.gz
HG01884	s3://human-pangenomics/submissions/4f8c8e63-dfd3-4f90-965f-8a8cf3ee4de9--UW_HPRC_HiFi_Y4_AND_Y3_Topoff/HG01884/m84046_230701_003325_s1.hifi_reads.default.bam
HG01884	s3://human-pangenomics/submissions/4f8c8e63-dfd3-4f90-965f-8a8cf3ee4de9--UW_HPRC_HiFi_Y4_AND_Y3_Topoff/HG01884/m84046_230707_192442_s1.hifi_reads.default.bam
HG01884	s3://human-pangenomics/submissions/4f8c8e63-dfd3-4f90-965f-8a8cf3ee4de9--UW_HPRC_HiFi_Y4_AND_Y3_Topoff/HG01884/m84046_230712_231732_s2.hifi_reads.default.bam
HG01884	s3://human-pangenomics/submissions/4f8c8e63-dfd3-4f90-965f-8a8cf3ee4de9--UW_HPRC_HiFi_Y4_AND_Y3_Topoff/HG01884/m84046_230718_230843_s2.hifi_reads.default.bam
HG01943	s3://human-pangenomics/submissions/02355F32-E75A-4279-A7B8-FCCEA70FB6CD--DEEPCONSENSUS_v1pt2/HG01943/raw_data/PacBio_HiFi/deepconsensus/v1pt2/HG01943.m64043_210716_230222.dc.q20.fastq.gz
HG01943	s3://human-pangenomics/submissions/02355F32-E75A-4279-A7B8-FCCEA70FB6CD--DEEPCONSENSUS_v1pt2/HG01943/raw_data/PacBio_HiFi/deepconsensus/v1pt2/HG01943.m64043_210718_100009.dc.q20.fastq.gz
HG01943	s3://human-pangenomics/submissions/02355F32-E75A-4279-A7B8-FCCEA70FB6CD--DEEPCONSENSUS_v1pt2/HG01943/raw_data/PacBio_HiFi/deepconsensus/v1pt2/HG01943.m64043_210719_210019.dc.q20.fastq.gz
HG01943	s3://human-pangenomics/submissions/67b71022-da25-40ef-b56f-52297e946b32--WUSTL_HPRC_HiFi_Year2_TopUp/HG01943/PacBio_HiFi/m84081_231122_210358_s4.hifi_reads.bc2093.bam
HG01943	s3://human-pangenomics/submissions/67b71022-da25-40ef-b56f-52297e946b32--WUSTL_HPRC_HiFi_Year2_TopUp/HG01943/PacBio_HiFi/m84081_231124_031433_s4.hifi_reads.bc2093.bam
HG01981	s3://human-pangenomics/submissions/02355F32-E75A-4279-A7B8-FCCEA70FB6CD--DEEPCONSENSUS_v1pt2/HG01981/raw_data/PacBio_HiFi/deepconsensus/v1pt2/HG01981.m64136_210625_184731.dc.q20.fastq.gz
HG01981	s3://human-pangenomics/submissions/02355F32-E75A-4279-A7B8-FCCEA70FB6CD--DEEPCONSENSUS_v1pt2/HG01981/raw_data/PacBio_HiFi/deepconsensus/v1pt2/HG01981.m64136_210627_054246.dc.q20.fastq.gz
HG01981	s3://human-pangenomics/submissions/02355F32-E75A-4279-A7B8-FCCEA70FB6CD--DEEPCONSENSUS_v1pt2/HG01981/raw_data/PacBio_HiFi/deepconsensus/v1pt2/HG01981.m64136_210628_163953.dc.q20.fastq.gz
HG01981	s3://human-pangenomics/submissions/67b71022-da25-40ef-b56f-52297e946b32--WUSTL_HPRC_HiFi_Year2_TopUp/HG01981/PacBio_HiFi/m84081_231124_014115_s1.hifi_reads.bc2091.bam
HG01981	s3://human-pangenomics/submissions/67b71022-da25-40ef-b56f-52297e946b32--WUSTL_HPRC_HiFi_Year2_TopUp/HG01981/PacBio_HiFi/m84081_231124_021221_s2.hifi_reads.bc2091.bam
HG01981	s3://human-pangenomics/submissions/67b71022-da25-40ef-b56f-52297e946b32--WUSTL_HPRC_HiFi_Year2_TopUp/HG01981/PacBio_HiFi/m84081_231124_024327_s3.hifi_reads.bc2091.bam
HG01993	s3://human-pangenomics/submissions/02355F32-E75A-4279-A7B8-FCCEA70FB6CD--DEEPCONSENSUS_v1pt2/HG01993/raw_data/PacBio_HiFi/deepconsensus/v1pt2/HG01993.m64043_210620_041711.dc.q20.fastq.gz
HG01993	s3://human-pangenomics/submissions/02355F32-E75A-4279-A7B8-FCCEA70FB6CD--DEEPCONSENSUS_v1pt2/HG01993/raw_data/PacBio_HiFi/deepconsensus/v1pt2/HG01993.m64043_210622_163331.dc.q20.fastq.gz
HG01993	s3://human-pangenomics/submissions/02355F32-E75A-4279-A7B8-FCCEA70FB6CD--DEEPCONSENSUS_v1pt2/HG01993/raw_data/PacBio_HiFi/deepconsensus/v1pt2/HG01993.m64043_210624_032817.dc.q20.fastq.gz
HG01993	s3://human-pangenomics/submissions/67b71022-da25-40ef-b56f-52297e946b32--WUSTL_HPRC_HiFi_Year2_TopUp/HG01993/PacBio_HiFi/m84081_231119_015049_s1.hifi_reads.bc2085.bam
HG01993	s3://human-pangenomics/submissions/67b71022-da25-40ef-b56f-52297e946b32--WUSTL_HPRC_HiFi_Year2_TopUp/HG01993/PacBio_HiFi/m84081_231119_022155_s2.hifi_reads.bc2085.bam
HG01993	s3://human-pangenomics/submissions/67b71022-da25-40ef-b56f-52297e946b32--WUSTL_HPRC_HiFi_Year2_TopUp/HG01993/PacBio_HiFi/m84081_231119_025301_s3.hifi_reads.bc2085.bam
HG02004	s3://human-pangenomics/submissions/02355F32-E75A-4279-A7B8-FCCEA70FB6CD--DEEPCONSENSUS_v1pt2/HG02004/raw_data/PacBio_HiFi/deepconsensus/v1pt2/HG02004.m64043_210709_205614.dc.q20.fastq.gz
HG02004	s3://human-pangenomics/submissions/02355F32-E75A-4279-A7B8-FCCEA70FB6CD--DEEPCONSENSUS_v1pt2/HG02004/raw_data/PacBio_HiFi/deepconsensus/v1pt2/HG02004.m64136_210702_183526.dc.q20.fastq.gz
HG02004	s3://human-pangenomics/submissions/02355F32-E75A-4279-A7B8-FCCEA70FB6CD--DEEPCONSENSUS_v1pt2/HG02004/raw_data/PacBio_HiFi/deepconsensus/v1pt2/HG02004.m64136_210704_053041.dc.q20.fastq.gz
HG02004	s3://human-pangenomics/submissions/02355F32-E75A-4279-A7B8-FCCEA70FB6CD--DEEPCONSENSUS_v1pt2/HG02004/raw_data/PacBio_HiFi/deepconsensus/v1pt2/HG02004.m64136_210705_162724.dc.q20.fastq.gz
HG02004	s3://human-pangenomics/submissions/67b71022-da25-40ef-b56f-52297e946b32--WUSTL_HPRC_HiFi_Year2_TopUp/HG02004/PacBio_HiFi/m84081_231027_205726_s4.hifi_reads.default.bam
HG02004	s3://human-pangenomics/submissions/67b71022-da25-40ef-b56f-52297e946b32--WUSTL_HPRC_HiFi_Year2_TopUp/HG02004/PacBio_HiFi/m84081_231029_030755_s4.hifi_reads.default.bam
HG02132	s3://human-pangenomics/submissions/02355F32-E75A-4279-A7B8-FCCEA70FB6CD--DEEPCONSENSUS_v1pt2/HG02132/raw_data/PacBio_HiFi/deepconsensus/v1pt2/HG02132.m54329U_210627_170630.dc.q20.fastq.gz
HG02132	s3://human-pangenomics/submissions/02355F32-E75A-4279-A7B8-FCCEA70FB6CD--DEEPCONSENSUS_v1pt2/HG02132/raw_data/PacBio_HiFi/deepconsensus/v1pt2/HG02132.m54329U_210704_040110.dc.q20.fastq.gz
HG02132	s3://human-pangenomics/submissions/02355F32-E75A-4279-A7B8-FCCEA70FB6CD--DEEPCONSENSUS_v1pt2/HG02132/raw_data/PacBio_HiFi/deepconsensus/v1pt2/HG02132.m54329U_210705_145805.dc.q20.fastq.gz
HG02132	s3://human-pangenomics/submissions/02355F32-E75A-4279-A7B8-FCCEA70FB6CD--DEEPCONSENSUS_v1pt2/HG02132/raw_data/PacBio_HiFi/deepconsensus/v1pt2/HG02132.m64076_210525_000003.dc.q20.fastq.gz
HG02132	s3://human-pangenomics/submissions/4f8c8e63-dfd3-4f90-965f-8a8cf3ee4de9--UW_HPRC_HiFi_Y4_AND_Y3_Topoff/HG02132/m84046_230603_204152_s4.hifi_reads.default.bam
HG02280	s3://human-pangenomics/submissions/02355F32-E75A-4279-A7B8-FCCEA70FB6CD--DEEPCONSENSUS_v1pt2/HG02280/raw_data/PacBio_HiFi/deepconsensus/v1pt2/HG02280.m64136_210716_230343.dc.q20.fastq.gz
HG02280	s3://human-pangenomics/submissions/02355F32-E75A-4279-A7B8-FCCEA70FB6CD--DEEPCONSENSUS_v1pt2/HG02280/raw_data/PacBio_HiFi/deepconsensus/v1pt2/HG02280.m64136_210718_091611.dc.q20.fastq.gz
HG02280	s3://human-pangenomics/submissions/02355F32-E75A-4279-A7B8-FCCEA70FB6CD--DEEPCONSENSUS_v1pt2/HG02280/raw_data/PacBio_HiFi/deepconsensus/v1pt2/HG02280.m64136_210719_201505.dc.q20.fastq.gz
HG02280	s3://human-pangenomics/submissions/67b71022-da25-40ef-b56f-52297e946b32--WUSTL_HPRC_HiFi_Year2_TopUp/HG02280/PacBio_HiFi/m84081_231117_211338_s4.hifi_reads.bc2087.bam
HG02280	s3://human-pangenomics/submissions/67b71022-da25-40ef-b56f-52297e946b32--WUSTL_HPRC_HiFi_Year2_TopUp/HG02280/PacBio_HiFi/m84081_231119_032407_s4.hifi_reads.bc2087.bam
HG02293	s3://human-pangenomics/submissions/02355F32-E75A-4279-A7B8-FCCEA70FB6CD--DEEPCONSENSUS_v1pt2/HG02293/raw_data/PacBio_HiFi/deepconsensus/v1pt2/HG02293.m54329U_210719_222842.dc.q20.fastq.gz
HG02293	s3://human-pangenomics/submissions/02355F32-E75A-4279-A7B8-FCCEA70FB6CD--DEEPCONSENSUS_v1pt2/HG02293/raw_data/PacBio_HiFi/deepconsensus/v1pt2/HG02293.m54329U_210721_092510.dc.q20.fastq.gz
HG02293	s3://human-pangenomics/submissions/02355F32-E75A-4279-A7B8-FCCEA70FB6CD--DEEPCONSENSUS_v1pt2/HG02293/raw_data/PacBio_HiFi/deepconsensus/v1pt2/HG02293.m64076_210716_220011.dc.q20.fastq.gz
HG02293	s3://human-pangenomics/submissions/4f8c8e63-dfd3-4f90-965f-8a8cf3ee4de9--UW_HPRC_HiFi_Y4_AND_Y3_Topoff/HG02293/m84046_230707_205716_s4.default--default.bam
HG02293	s3://human-pangenomics/submissions/4f8c8e63-dfd3-4f90-965f-8a8cf3ee4de9--UW_HPRC_HiFi_Y4_AND_Y3_Topoff/HG02293/m84046_230718_233949_s3.hifi_reads.default.bam
HG02293	s3://human-pangenomics/submissions/4f8c8e63-dfd3-4f90-965f-8a8cf3ee4de9--UW_HPRC_HiFi_Y4_AND_Y3_Topoff/HG02293/m84046_230724_203319_s4.hifi_reads.default.bam
HG02300	s3://human-pangenomics/submissions/02355F32-E75A-4279-A7B8-FCCEA70FB6CD--DEEPCONSENSUS_v1pt2/HG02300/raw_data/PacBio_HiFi/deepconsensus/v1pt2/HG02300.m54329U_210702_182525.dc.q20.fastq.gz
HG02300	s3://human-pangenomics/submissions/02355F32-E75A-4279-A7B8-FCCEA70FB6CD--DEEPCONSENSUS_v1pt2/HG02300/raw_data/PacBio_HiFi/deepconsensus/v1pt2/HG02300.m54329U_210710_123004.dc.q20.fastq.gz
HG02300	s3://human-pangenomics/submissions/02355F32-E75A-4279-A7B8-FCCEA70FB6CD--DEEPCONSENSUS_v1pt2/HG02300/raw_data/PacBio_HiFi/deepconsensus/v1pt2/HG02300.m54329U_210711_215946.dc.q20.fastq.gz
HG02300	s3://human-pangenomics/submissions/4f8c8e63-dfd3-4f90-965f-8a8cf3ee4de9--UW_HPRC_HiFi_Y4_AND_Y3_Topoff/HG02300/m84046_230519_231055_s2.hifi_reads.default.bam
HG02300	s3://human-pangenomics/submissions/4f8c8e63-dfd3-4f90-965f-8a8cf3ee4de9--UW_HPRC_HiFi_Y4_AND_Y3_Topoff/HG02300/m84046_230617_040148_s2.hifi_reads.default.bam
HG02300	s3://human-pangenomics/submissions/4f8c8e63-dfd3-4f90-965f-8a8cf3ee4de9--UW_HPRC_HiFi_Y4_AND_Y3_Topoff/HG02300/m84046_230628_210130_s1.default--default.bam
HG02602	s3://human-pangenomics/submissions/02355F32-E75A-4279-A7B8-FCCEA70FB6CD--DEEPCONSENSUS_v1pt2/HG02602/raw_data/PacBio_HiFi/deepconsensus/v1pt2/HG02602.m64043_210612_053030.dc.q20.fastq.gz
HG02602	s3://human-pangenomics/submissions/02355F32-E75A-4279-A7B8-FCCEA70FB6CD--DEEPCONSENSUS_v1pt2/HG02602/raw_data/PacBio_HiFi/deepconsensus/v1pt2/HG02602.m64043_210613_133026.dc.q20.fastq.gz
HG02602	s3://human-pangenomics/submissions/02355F32-E75A-4279-A7B8-FCCEA70FB6CD--DEEPCONSENSUS_v1pt2/HG02602/raw_data/PacBio_HiFi/deepconsensus/v1pt2/HG02602.m64043_210614_223013.dc.q20.fastq.gz
HG02602	s3://human-pangenomics/submissions/02355F32-E75A-4279-A7B8-FCCEA70FB6CD--DEEPCONSENSUS_v1pt2/HG02602/raw_data/PacBio_HiFi/deepconsensus/v1pt2/HG02602.m64043_210618_184604.dc.q20.fastq.gz
HG02602	s3://human-pangenomics/submissions/67b71022-da25-40ef-b56f-52297e946b32--WUSTL_HPRC_HiFi_Year2_TopUp/HG02602/PacBio_HiFi/m84081_231119_015049_s1.hifi_reads.bc2083.bam
HG02602	s3://human-pangenomics/submissions/67b71022-da25-40ef-b56f-52297e946b32--WUSTL_HPRC_HiFi_Year2_TopUp/HG02602/PacBio_HiFi/m84081_231119_022155_s2.hifi_reads.bc2083.bam
HG02602	s3://human-pangenomics/submissions/67b71022-da25-40ef-b56f-52297e946b32--WUSTL_HPRC_HiFi_Year2_TopUp/HG02602/PacBio_HiFi/m84081_231119_025301_s3.hifi_reads.bc2083.bam
HG02615	s3://human-pangenomics/submissions/02355F32-E75A-4279-A7B8-FCCEA70FB6CD--DEEPCONSENSUS_v1pt2/HG02615/raw_data/PacBio_HiFi/deepconsensus/v1pt2/HG02615.m64136_210528_171842.dc.q20.fastq.gz
HG02615	s3://human-pangenomics/submissions/02355F32-E75A-4279-A7B8-FCCEA70FB6CD--DEEPCONSENSUS_v1pt2/HG02615/raw_data/PacBio_HiFi/deepconsensus/v1pt2/HG02615.m64136_210530_004827.dc.q20.fastq.gz
HG02615	s3://human-pangenomics/submissions/02355F32-E75A-4279-A7B8-FCCEA70FB6CD--DEEPCONSENSUS_v1pt2/HG02615/raw_data/PacBio_HiFi/deepconsensus/v1pt2/HG02615.m64136_210531_083342.dc.q20.fastq.gz
HG02615	s3://human-pangenomics/submissions/67b71022-da25-40ef-b56f-52297e946b32--WUSTL_HPRC_HiFi_Year2_TopUp/HG02615/PacBio_HiFi/m84081_231105_031800_s4.hifi_reads.default.bam
HG02647	s3://human-pangenomics/submissions/02355F32-E75A-4279-A7B8-FCCEA70FB6CD--DEEPCONSENSUS_v1pt2/HG02647/raw_data/PacBio_HiFi/deepconsensus/v1pt2/HG02647.m54329U_210604_200442.dc.q20.fastq.gz
HG02647	s3://human-pangenomics/submissions/02355F32-E75A-4279-A7B8-FCCEA70FB6CD--DEEPCONSENSUS_v1pt2/HG02647/raw_data/PacBio_HiFi/deepconsensus/v1pt2/HG02647.m64076_210527_231639.dc.q20.fastq.gz
HG02647	s3://human-pangenomics/submissions/02355F32-E75A-4279-A7B8-FCCEA70FB6CD--DEEPCONSENSUS_v1pt2/HG02647/raw_data/PacBio_HiFi/deepconsensus/v1pt2/HG02647.m64076_210530_192034.dc.q20.fastq.gz
HG02647	s3://human-pangenomics/submissions/02355F32-E75A-4279-A7B8-FCCEA70FB6CD--DEEPCONSENSUS_v1pt2/HG02647/raw_data/PacBio_HiFi/deepconsensus/v1pt2/HG02647.m64076_210601_061523.dc.q20.fastq.gz
HG02647	s3://human-pangenomics/submissions/4f8c8e63-dfd3-4f90-965f-8a8cf3ee4de9--UW_HPRC_HiFi_Y4_AND_Y3_Topoff/HG02647/m84046_230707_202610_s3.hifi_reads.bc2060.bam
HG02683	s3://human-pangenomics/submissions/02355F32-E75A-4279-A7B8-FCCEA70FB6CD--DEEPCONSENSUS_v1pt2/HG02683/raw_data/PacBio_HiFi/deepconsensus/v1pt2/HG02683.m54329U_210707_171722.dc.q20.fastq.gz
HG02683	s3://human-pangenomics/submissions/02355F32-E75A-4279-A7B8-FCCEA70FB6CD--DEEPCONSENSUS_v1pt2/HG02683/raw_data/PacBio_HiFi/deepconsensus/v1pt2/HG02683.m54329U_210709_030038.dc.q20.fastq.gz
HG02683	s3://human-pangenomics/submissions/02355F32-E75A-4279-A7B8-FCCEA70FB6CD--DEEPCONSENSUS_v1pt2/HG02683/raw_data/PacBio_HiFi/deepconsensus/v1pt2/HG02683.m64076_210703_103644.dc.q20.fastq.gz
HG02683	s3://human-pangenomics/submissions/4f8c8e63-dfd3-4f90-965f-8a8cf3ee4de9--UW_HPRC_HiFi_Y4_AND_Y3_Topoff/HG02683/m84046_230522_234602_s2.hifi_reads.default.bam
HG02698	s3://human-pangenomics/submissions/02355F32-E75A-4279-A7B8-FCCEA70FB6CD--DEEPCONSENSUS_v1pt2/HG02698/raw_data/PacBio_HiFi/deepconsensus/v1pt2/HG02698.m64043_210519_013026.dc.q20.fastq.gz
HG02698	s3://human-pangenomics/submissions/02355F32-E75A-4279-A7B8-FCCEA70FB6CD--DEEPCONSENSUS_v1pt2/HG02698/raw_data/PacBio_HiFi/deepconsensus/v1pt2/HG02698.m64136_210514_184433.dc.q20.fastq.gz
HG02698	s3://human-pangenomics/submissions/02355F32-E75A-4279-A7B8-FCCEA70FB6CD--DEEPCONSENSUS_v1pt2/HG02698/raw_data/PacBio_HiFi/deepconsensus/v1pt2/HG02698.m64136_210517_184202.dc.q20.fastq.gz
HG02698	s3://human-pangenomics/submissions/67b71022-da25-40ef-b56f-52297e946b32--WUSTL_HPRC_HiFi_Year2_TopUp/HG02698/PacBio_HiFi/m84081_231105_021548_s2.hifi_reads.default.bam
HG02738	s3://human-pangenomics/submissions/02355F32-E75A-4279-A7B8-FCCEA70FB6CD--DEEPCONSENSUS_v1pt2/HG02738/raw_data/PacBio_HiFi/deepconsensus/v1pt2/HG02738.m64076_210706_214544.dc.q20.fastq.gz
HG02738	s3://human-pangenomics/submissions/02355F32-E75A-4279-A7B8-FCCEA70FB6CD--DEEPCONSENSUS_v1pt2/HG02738/raw_data/PacBio_HiFi/deepconsensus/v1pt2/HG02738.m64076_210711_102225.dc.q20.fastq.gz
HG02738	s3://human-pangenomics/submissions/02355F32-E75A-4279-A7B8-FCCEA70FB6CD--DEEPCONSENSUS_v1pt2/HG02738/raw_data/PacBio_HiFi/deepconsensus/v1pt2/HG02738.m64076_210714_200553.dc.q20.fastq.gz
HG02738	s3://human-pangenomics/submissions/02355F32-E75A-4279-A7B8-FCCEA70FB6CD--DEEPCONSENSUS_v1pt2/HG02738/raw_data/PacBio_HiFi/deepconsensus/v1pt2/HG02738.m64076_210718_085619.dc.q20.fastq.gz
HG02738	s3://human-pangenomics/submissions/4f8c8e63-dfd3-4f90-965f-8a8cf3ee4de9--UW_HPRC_HiFi_Y4_AND_Y3_Topoff/HG02738/m84046_230623_213746_s2.hifi_reads.default.bam
HG02738	s3://human-pangenomics/submissions/4f8c8e63-dfd3-4f90-965f-8a8cf3ee4de9--UW_HPRC_HiFi_Y4_AND_Y3_Topoff/HG02738/m84046_230628_182559_s4.hifi_reads.default.bam
HG03669	s3://human-pangenomics/submissions/02355F32-E75A-4279-A7B8-FCCEA70FB6CD--DEEPCONSENSUS_v1pt2/HG03669/raw_data/PacBio_HiFi/deepconsensus/v1pt2/HG03669.m64043_210604_175624.dc.q20.fastq.gz
HG03669	s3://human-pangenomics/submissions/02355F32-E75A-4279-A7B8-FCCEA70FB6CD--DEEPCONSENSUS_v1pt2/HG03669/raw_data/PacBio_HiFi/deepconsensus/v1pt2/HG03669.m64043_210606_013256.dc.q20.fastq.gz
HG03669	s3://human-pangenomics/submissions/02355F32-E75A-4279-A7B8-FCCEA70FB6CD--DEEPCONSENSUS_v1pt2/HG03669/raw_data/PacBio_HiFi/deepconsensus/v1pt2/HG03669.m64043_210607_090252.dc.q20.fastq.gz
HG03669	s3://human-pangenomics/submissions/02355F32-E75A-4279-A7B8-FCCEA70FB6CD--DEEPCONSENSUS_v1pt2/HG03669/raw_data/PacBio_HiFi/deepconsensus/v1pt2/HG03669.m64043_210610_203329.dc.q20.fastq.gz
HG03669	s3://human-pangenomics/submissions/67b71022-da25-40ef-b56f-52297e946b32--WUSTL_HPRC_HiFi_Year2_TopUp/HG03669/PacBio_HiFi/m84081_231124_014115_s1.hifi_reads.default.bam
HG03669	s3://human-pangenomics/submissions/67b71022-da25-40ef-b56f-52297e946b32--WUSTL_HPRC_HiFi_Year2_TopUp/HG03669/PacBio_HiFi/m84081_231124_021221_s2.hifi_reads.default.bam
HG03669	s3://human-pangenomics/submissions/67b71022-da25-40ef-b56f-52297e946b32--WUSTL_HPRC_HiFi_Year2_TopUp/HG03669/PacBio_HiFi/m84081_231124_024327_s3.hifi_reads.default.bam
HG03710	s3://human-pangenomics/submissions/02355F32-E75A-4279-A7B8-FCCEA70FB6CD--DEEPCONSENSUS_v1pt2/HG03710/raw_data/PacBio_HiFi/deepconsensus/v1pt2/HG03710.m64043_210514_184131.dc.q20.fastq.gz
HG03710	s3://human-pangenomics/submissions/02355F32-E75A-4279-A7B8-FCCEA70FB6CD--DEEPCONSENSUS_v1pt2/HG03710/raw_data/PacBio_HiFi/deepconsensus/v1pt2/HG03710.m64043_210516_020821.dc.q20.fastq.gz
HG03710	s3://human-pangenomics/submissions/02355F32-E75A-4279-A7B8-FCCEA70FB6CD--DEEPCONSENSUS_v1pt2/HG03710/raw_data/PacBio_HiFi/deepconsensus/v1pt2/HG03710.m64043_210517_175123.dc.q20.fastq.gz
HG03710	s3://human-pangenomics/submissions/67b71022-da25-40ef-b56f-52297e946b32--WUSTL_HPRC_HiFi_Year2_TopUp/HG03710/PacBio_HiFi/m84081_231117_193129_s1.hifi_reads.bc2082.bam
HG03710	s3://human-pangenomics/submissions/67b71022-da25-40ef-b56f-52297e946b32--WUSTL_HPRC_HiFi_Year2_TopUp/HG03710/PacBio_HiFi/m84081_231117_201125_s2.hifi_reads.bc2082.bam
HG03710	s3://human-pangenomics/submissions/67b71022-da25-40ef-b56f-52297e946b32--WUSTL_HPRC_HiFi_Year2_TopUp/HG03710/PacBio_HiFi/m84081_231117_204232_s3.hifi_reads.bc2082.bam
HG03831	s3://human-pangenomics/submissions/02355F32-E75A-4279-A7B8-FCCEA70FB6CD--DEEPCONSENSUS_v1pt2/HG03831/raw_data/PacBio_HiFi/deepconsensus/v1pt2/HG03831.m64136_210612_053350.dc.q20.fastq.gz
HG03831	s3://human-pangenomics/submissions/02355F32-E75A-4279-A7B8-FCCEA70FB6CD--DEEPCONSENSUS_v1pt2/HG03831/raw_data/PacBio_HiFi/deepconsensus/v1pt2/HG03831.m64136_210613_130744.dc.q20.fastq.gz
HG03831	s3://human-pangenomics/submissions/02355F32-E75A-4279-A7B8-FCCEA70FB6CD--DEEPCONSENSUS_v1pt2/HG03831/raw_data/PacBio_HiFi/deepconsensus/v1pt2/HG03831.m64136_210614_204240.dc.q20.fastq.gz
HG03831	s3://human-pangenomics/submissions/02355F32-E75A-4279-A7B8-FCCEA70FB6CD--DEEPCONSENSUS_v1pt2/HG03831/raw_data/PacBio_HiFi/deepconsensus/v1pt2/HG03831.m64136_210618_184849.dc.q20.fastq.gz
HG03831	s3://human-pangenomics/submissions/67b71022-da25-40ef-b56f-52297e946b32--WUSTL_HPRC_HiFi_Year2_TopUp/HG03831/PacBio_HiFi/m84081_231119_015049_s1.hifi_reads.bc2084.bam
HG03831	s3://human-pangenomics/submissions/67b71022-da25-40ef-b56f-52297e946b32--WUSTL_HPRC_HiFi_Year2_TopUp/HG03831/PacBio_HiFi/m84081_231119_022155_s2.hifi_reads.bc2084.bam
HG03831	s3://human-pangenomics/submissions/67b71022-da25-40ef-b56f-52297e946b32--WUSTL_HPRC_HiFi_Year2_TopUp/HG03831/PacBio_HiFi/m84081_231119_025301_s3.hifi_reads.bc2084.bam
HG03927	s3://human-pangenomics/submissions/02355F32-E75A-4279-A7B8-FCCEA70FB6CD--DEEPCONSENSUS_v1pt2/HG03927/raw_data/PacBio_HiFi/deepconsensus/v1pt2/HG03927.m54329U_210522_083046.dc.q20.fastq.gz
HG03927	s3://human-pangenomics/submissions/02355F32-E75A-4279-A7B8-FCCEA70FB6CD--DEEPCONSENSUS_v1pt2/HG03927/raw_data/PacBio_HiFi/deepconsensus/v1pt2/HG03927.m64076_210514_222349.dc.q20.fastq.gz
HG03927	s3://human-pangenomics/submissions/02355F32-E75A-4279-A7B8-FCCEA70FB6CD--DEEPCONSENSUS_v1pt2/HG03927/raw_data/PacBio_HiFi/deepconsensus/v1pt2/HG03927.m64076_210517_210115.dc.q20.fastq.gz
HG03927	s3://human-pangenomics/submissions/02355F32-E75A-4279-A7B8-FCCEA70FB6CD--DEEPCONSENSUS_v1pt2/HG03927/raw_data/PacBio_HiFi/deepconsensus/v1pt2/HG03927.m64076_210519_075634.dc.q20.fastq.gz
HG03927	s3://human-pangenomics/submissions/4f8c8e63-dfd3-4f90-965f-8a8cf3ee4de9--UW_HPRC_HiFi_Y4_AND_Y3_Topoff/HG03927/m84046_230628_213236_s2.hifi_reads.default.bam
HG04115	s3://human-pangenomics/submissions/02355F32-E75A-4279-A7B8-FCCEA70FB6CD--DEEPCONSENSUS_v1pt2/HG04115/raw_data/PacBio_HiFi/deepconsensus/v1pt2/HG04115.m64076_210623_104349.dc.q20.fastq.gz
HG04115	s3://human-pangenomics/submissions/02355F32-E75A-4279-A7B8-FCCEA70FB6CD--DEEPCONSENSUS_v1pt2/HG04115/raw_data/PacBio_HiFi/deepconsensus/v1pt2/HG04115.m64076_210625_220013.dc.q20.fastq.gz
HG04115	s3://human-pangenomics/submissions/02355F32-E75A-4279-A7B8-FCCEA70FB6CD--DEEPCONSENSUS_v1pt2/HG04115/raw_data/PacBio_HiFi/deepconsensus/v1pt2/HG04115.m64076_210627_085544.dc.q20.fastq.gz
HG04115	s3://human-pangenomics/submissions/4f8c8e63-dfd3-4f90-965f-8a8cf3ee4de9--UW_HPRC_HiFi_Y4_AND_Y3_Topoff/HG04115/m84046_230624_201459_s3.hifi_reads.default.bam
HG04184	s3://human-pangenomics/submissions/02355F32-E75A-4279-A7B8-FCCEA70FB6CD--DEEPCONSENSUS_v1pt2/HG04184/raw_data/PacBio_HiFi/deepconsensus/v1pt2/HG04184.m64076_210701_234028.dc.q20.fastq.gz
HG04184	s3://human-pangenomics/submissions/02355F32-E75A-4279-A7B8-FCCEA70FB6CD--DEEPCONSENSUS_v1pt2/HG04184/raw_data/PacBio_HiFi/deepconsensus/v1pt2/HG04184.m64076_210708_084125.dc.q20.fastq.gz
HG04184	s3://human-pangenomics/submissions/02355F32-E75A-4279-A7B8-FCCEA70FB6CD--DEEPCONSENSUS_v1pt2/HG04184/raw_data/PacBio_HiFi/deepconsensus/v1pt2/HG04184.m64076_210709_232529.dc.q20.fastq.gz
HG04184	s3://human-pangenomics/submissions/02355F32-E75A-4279-A7B8-FCCEA70FB6CD--DEEPCONSENSUS_v1pt2/HG04184/raw_data/PacBio_HiFi/deepconsensus/v1pt2/HG04184.m64076_210712_194121.dc.q20.fastq.gz
HG04184	s3://human-pangenomics/submissions/4f8c8e63-dfd3-4f90-965f-8a8cf3ee4de9--UW_HPRC_HiFi_Y4_AND_Y3_Topoff/HG04184/m84046_230523_001708_s3.hifi_reads.default.bam
HG04184	s3://human-pangenomics/submissions/4f8c8e63-dfd3-4f90-965f-8a8cf3ee4de9--UW_HPRC_HiFi_Y4_AND_Y3_Topoff/HG04184/m84046_230602_213334_s2.hifi_reads.default.bam
HG04199	s3://human-pangenomics/submissions/02355F32-E75A-4279-A7B8-FCCEA70FB6CD--DEEPCONSENSUS_v1pt2/HG04199/raw_data/PacBio_HiFi/deepconsensus/v1pt2/HG04199.m54329U_210614_155303.dc.q20.fastq.gz
HG04199	s3://human-pangenomics/submissions/02355F32-E75A-4279-A7B8-FCCEA70FB6CD--DEEPCONSENSUS_v1pt2/HG04199/raw_data/PacBio_HiFi/deepconsensus/v1pt2/HG04199.m54329U_210620_071842.dc.q20.fastq.gz
HG04199	s3://human-pangenomics/submissions/02355F32-E75A-4279-A7B8-FCCEA70FB6CD--DEEPCONSENSUS_v1pt2/HG04199/raw_data/PacBio_HiFi/deepconsensus/v1pt2/HG04199.m54329U_210621_233920.dc.q20.fastq.gz
HG04199	s3://human-pangenomics/submissions/02355F32-E75A-4279-A7B8-FCCEA70FB6CD--DEEPCONSENSUS_v1pt2/HG04199/raw_data/PacBio_HiFi/deepconsensus/v1pt2/HG04199.m64076_210613_183806.dc.q20.fastq.gz
HG04199	s3://human-pangenomics/submissions/4f8c8e63-dfd3-4f90-965f-8a8cf3ee4de9--UW_HPRC_HiFi_Y4_AND_Y3_Topoff/HG04199/m84046_230703_225306_s4.hifi_reads.default.bam
HG02559	s3://human-pangenomics/submissions/3A25CF8A-1F36-42EE-BC9F-D29CECAA2A99--HPRC_DEEPCONSENSUS_v1pt2_2023_12_q20/HG02559/raw_data/PacBio_HiFi/deepconsensus/v1pt2/HG02559.m54329U_200211_192235.dc.q20.fastq.gz
HG02559	s3://human-pangenomics/submissions/3A25CF8A-1F36-42EE-BC9F-D29CECAA2A99--HPRC_DEEPCONSENSUS_v1pt2_2023_12_q20/HG02559/raw_data/PacBio_HiFi/deepconsensus/v1pt2/HG02559.m54329U_200217_055345.dc.q20.fastq.gz
HG02559	s3://human-pangenomics/submissions/3A25CF8A-1F36-42EE-BC9F-D29CECAA2A99--HPRC_DEEPCONSENSUS_v1pt2_2023_12_q20/HG02559/raw_data/PacBio_HiFi/deepconsensus/v1pt2/HG02559.m54329U_200219_181523.dc.q20.fastq.gz
HG02559	s3://human-pangenomics/submissions/3A25CF8A-1F36-42EE-BC9F-D29CECAA2A99--HPRC_DEEPCONSENSUS_v1pt2_2023_12_q20/HG02559/raw_data/PacBio_HiFi/deepconsensus/v1pt2/HG02559.m64076_200215_021919.dc.q20.fastq.gz
HG02559	s3://human-pangenomics/submissions/3A25CF8A-1F36-42EE-BC9F-D29CECAA2A99--HPRC_DEEPCONSENSUS_v1pt2_2023_12_q20/HG02559/raw_data/PacBio_HiFi/deepconsensus/v1pt2/HG02559.m64076_200217_055339.dc.q20.fastq.gz
HG02559	s3://human-pangenomics/submissions/4f8c8e63-dfd3-4f90-965f-8a8cf3ee4de9--UW_HPRC_HiFi_Y4_AND_Y3_Topoff/HG02559/m84046_230628_175536_s3.hifi_reads.bc2057.bam
HG02486	s3://human-pangenomics/submissions/3A25CF8A-1F36-42EE-BC9F-D29CECAA2A99--HPRC_DEEPCONSENSUS_v1pt2_2023_12_q20/HG02486/raw_data/PacBio_HiFi/deepconsensus/v1pt2/HG02486.m54329U_200215_021808.dc.q20.fastq.gz
HG02486	s3://human-pangenomics/submissions/3A25CF8A-1F36-42EE-BC9F-D29CECAA2A99--HPRC_DEEPCONSENSUS_v1pt2_2023_12_q20/HG02486/raw_data/PacBio_HiFi/deepconsensus/v1pt2/HG02486.m54329U_200313_161638.dc.q20.fastq.gz
HG02486	s3://human-pangenomics/submissions/3A25CF8A-1F36-42EE-BC9F-D29CECAA2A99--HPRC_DEEPCONSENSUS_v1pt2_2023_12_q20/HG02486/raw_data/PacBio_HiFi/deepconsensus/v1pt2/HG02486.m54329U_200315_215927.dc.q20.fastq.gz
HG02486	s3://human-pangenomics/submissions/3A25CF8A-1F36-42EE-BC9F-D29CECAA2A99--HPRC_DEEPCONSENSUS_v1pt2_2023_12_q20/HG02486/raw_data/PacBio_HiFi/deepconsensus/v1pt2/HG02486.m54329U_200317_041347.dc.q20.fastq.gz
HG02486	s3://human-pangenomics/submissions/3A25CF8A-1F36-42EE-BC9F-D29CECAA2A99--HPRC_DEEPCONSENSUS_v1pt2_2023_12_q20/HG02486/raw_data/PacBio_HiFi/deepconsensus/v1pt2/HG02486.m54329U_200320_213710.dc.q20.fastq.gz
HG02486	s3://human-pangenomics/submissions/3A25CF8A-1F36-42EE-BC9F-D29CECAA2A99--HPRC_DEEPCONSENSUS_v1pt2_2023_12_q20/HG02486/raw_data/PacBio_HiFi/deepconsensus/v1pt2/HG02486.m64076_200211_192227.dc.q20.fastq.gz
HG02486	s3://human-pangenomics/submissions/4f8c8e63-dfd3-4f90-965f-8a8cf3ee4de9--UW_HPRC_HiFi_Y4_AND_Y3_Topoff/HG02486/m84046_230707_195504_s2.hifi_reads.bc2067.bam
HG02486	s3://human-pangenomics/submissions/4f8c8e63-dfd3-4f90-965f-8a8cf3ee4de9--UW_HPRC_HiFi_Y4_AND_Y3_Topoff/HG02486/m84046_230707_202610_s3.hifi_reads.bc2067.bam
HG01891	s3://human-pangenomics/submissions/3A25CF8A-1F36-42EE-BC9F-D29CECAA2A99--HPRC_DEEPCONSENSUS_v1pt2_2023_12_q20/HG01891/raw_data/PacBio_HiFi/deepconsensus/v1pt2/HG01891.m54329U_200124_193652.dc.q20.fastq.gz
HG01891	s3://human-pangenomics/submissions/3A25CF8A-1F36-42EE-BC9F-D29CECAA2A99--HPRC_DEEPCONSENSUS_v1pt2_2023_12_q20/HG01891/raw_data/PacBio_HiFi/deepconsensus/v1pt2/HG01891.m54329U_200127_180554.dc.q20.fastq.gz
HG01891	s3://human-pangenomics/submissions/3A25CF8A-1F36-42EE-BC9F-D29CECAA2A99--HPRC_DEEPCONSENSUS_v1pt2_2023_12_q20/HG01891/raw_data/PacBio_HiFi/deepconsensus/v1pt2/HG01891.m54329U_200129_001928.dc.q20.fastq.gz
HG01891	s3://human-pangenomics/submissions/3A25CF8A-1F36-42EE-BC9F-D29CECAA2A99--HPRC_DEEPCONSENSUS_v1pt2_2023_12_q20/HG01891/raw_data/PacBio_HiFi/deepconsensus/v1pt2/HG01891.m54329U_200130_064539.dc.q20.fastq.gz
HG01891	s3://human-pangenomics/submissions/4f8c8e63-dfd3-4f90-965f-8a8cf3ee4de9--UW_HPRC_HiFi_Y4_AND_Y3_Topoff/HG01891/m84046_230712_224626_s1.hifi_reads.bc2066.bam
HG02572	s3://human-pangenomics/submissions/3A25CF8A-1F36-42EE-BC9F-D29CECAA2A99--HPRC_DEEPCONSENSUS_v1pt2_2023_12_q20/HG02572/raw_data/PacBio_HiFi/deepconsensus/v1pt2/HG02572.m54329U_200319_002813.dc.q20.fastq.gz
HG02572	s3://human-pangenomics/submissions/3A25CF8A-1F36-42EE-BC9F-D29CECAA2A99--HPRC_DEEPCONSENSUS_v1pt2_2023_12_q20/HG02572/raw_data/PacBio_HiFi/deepconsensus/v1pt2/HG02572.m64076_200313_161705.dc.q20.fastq.gz
HG02572	s3://human-pangenomics/submissions/3A25CF8A-1F36-42EE-BC9F-D29CECAA2A99--HPRC_DEEPCONSENSUS_v1pt2_2023_12_q20/HG02572/raw_data/PacBio_HiFi/deepconsensus/v1pt2/HG02572.m64076_200317_041201.dc.q20.fastq.gz
HG02572	s3://human-pangenomics/submissions/3A25CF8A-1F36-42EE-BC9F-D29CECAA2A99--HPRC_DEEPCONSENSUS_v1pt2_2023_12_q20/HG02572/raw_data/PacBio_HiFi/deepconsensus/v1pt2/HG02572.m64076_200318_103811.dc.q20.fastq.gz
HG02572	s3://human-pangenomics/submissions/4f8c8e63-dfd3-4f90-965f-8a8cf3ee4de9--UW_HPRC_HiFi_Y4_AND_Y3_Topoff/HG02572/m84046_230711_233802_s3.hifi_reads.default.bam
HG01258	s3://human-pangenomics/submissions/3A25CF8A-1F36-42EE-BC9F-D29CECAA2A99--HPRC_DEEPCONSENSUS_v1pt2_2023_12_q20/HG01258/raw_data/PacBio_HiFi/deepconsensus/v1pt2/HG01258.m64076_200306_185917.dc.q20.fastq.gz
HG01258	s3://human-pangenomics/submissions/3A25CF8A-1F36-42EE-BC9F-D29CECAA2A99--HPRC_DEEPCONSENSUS_v1pt2_2023_12_q20/HG01258/raw_data/PacBio_HiFi/deepconsensus/v1pt2/HG01258.m64076_200308_194406.dc.q20.fastq.gz
HG01258	s3://human-pangenomics/submissions/3A25CF8A-1F36-42EE-BC9F-D29CECAA2A99--HPRC_DEEPCONSENSUS_v1pt2_2023_12_q20/HG01258/raw_data/PacBio_HiFi/deepconsensus/v1pt2/HG01258.m64076_200310_015720.dc.q20.fastq.gz
HG01258	s3://human-pangenomics/submissions/3A25CF8A-1F36-42EE-BC9F-D29CECAA2A99--HPRC_DEEPCONSENSUS_v1pt2_2023_12_q20/HG01258/raw_data/PacBio_HiFi/deepconsensus/v1pt2/HG01258.m64076_200311_082315.dc.q20.fastq.gz
HG01258	s3://human-pangenomics/submissions/4f8c8e63-dfd3-4f90-965f-8a8cf3ee4de9--UW_HPRC_HiFi_Y4_AND_Y3_Topoff/HG01258/m84046_231202_090949_s3.hifi_reads.bc2054.bam
HG02886	s3://human-pangenomics/submissions/3A25CF8A-1F36-42EE-BC9F-D29CECAA2A99--HPRC_DEEPCONSENSUS_v1pt2_2023_12_q20/HG02886/raw_data/PacBio_HiFi/deepconsensus/v1pt2/HG02886.m64043_200410_214826.dc.q20.fastq.gz
HG02886	s3://human-pangenomics/submissions/3A25CF8A-1F36-42EE-BC9F-D29CECAA2A99--HPRC_DEEPCONSENSUS_v1pt2_2023_12_q20/HG02886/raw_data/PacBio_HiFi/deepconsensus/v1pt2/HG02886.m64043_200412_040054.dc.q20.fastq.gz
HG02886	s3://human-pangenomics/submissions/3A25CF8A-1F36-42EE-BC9F-D29CECAA2A99--HPRC_DEEPCONSENSUS_v1pt2_2023_12_q20/HG02886/raw_data/PacBio_HiFi/deepconsensus/v1pt2/HG02886.m64043_200413_102554.dc.q20.fastq.gz
HG02886	s3://human-pangenomics/submissions/3A25CF8A-1F36-42EE-BC9F-D29CECAA2A99--HPRC_DEEPCONSENSUS_v1pt2_2023_12_q20/HG02886/raw_data/PacBio_HiFi/deepconsensus/v1pt2/HG02886.m64043_200414_165107.dc.q20.fastq.gz
HG02630	s3://human-pangenomics/submissions/3A25CF8A-1F36-42EE-BC9F-D29CECAA2A99--HPRC_DEEPCONSENSUS_v1pt2_2023_12_q20/HG02630/raw_data/PacBio_HiFi/deepconsensus/v1pt2/HG02630.m64043_200501_162248.dc.q20.fastq.gz
HG02630	s3://human-pangenomics/submissions/3A25CF8A-1F36-42EE-BC9F-D29CECAA2A99--HPRC_DEEPCONSENSUS_v1pt2_2023_12_q20/HG02630/raw_data/PacBio_HiFi/deepconsensus/v1pt2/HG02630.m64043_200502_223511.dc.q20.fastq.gz
HG02630	s3://human-pangenomics/submissions/3A25CF8A-1F36-42EE-BC9F-D29CECAA2A99--HPRC_DEEPCONSENSUS_v1pt2_2023_12_q20/HG02630/raw_data/PacBio_HiFi/deepconsensus/v1pt2/HG02630.m64043_200504_050026.dc.q20.fastq.gz
HG02630	s3://human-pangenomics/submissions/3A25CF8A-1F36-42EE-BC9F-D29CECAA2A99--HPRC_DEEPCONSENSUS_v1pt2_2023_12_q20/HG02630/raw_data/PacBio_HiFi/deepconsensus/v1pt2/HG02630.m64043_200505_112554.dc.q20.fastq.gz
HG02622	s3://human-pangenomics/submissions/3A25CF8A-1F36-42EE-BC9F-D29CECAA2A99--HPRC_DEEPCONSENSUS_v1pt2_2023_12_q20/HG02622/raw_data/PacBio_HiFi/deepconsensus/v1pt2/HG02622.m64043_200530_164723.dc.q20.fastq.gz
HG02622	s3://human-pangenomics/submissions/3A25CF8A-1F36-42EE-BC9F-D29CECAA2A99--HPRC_DEEPCONSENSUS_v1pt2_2023_12_q20/HG02622/raw_data/PacBio_HiFi/deepconsensus/v1pt2/HG02622.m64043_200601_191521.dc.q20.fastq.gz
HG02622	s3://human-pangenomics/submissions/3A25CF8A-1F36-42EE-BC9F-D29CECAA2A99--HPRC_DEEPCONSENSUS_v1pt2_2023_12_q20/HG02622/raw_data/PacBio_HiFi/deepconsensus/v1pt2/HG02622.m64043_200603_012738.dc.q20.fastq.gz
HG02622	s3://human-pangenomics/submissions/3A25CF8A-1F36-42EE-BC9F-D29CECAA2A99--HPRC_DEEPCONSENSUS_v1pt2_2023_12_q20/HG02622/raw_data/PacBio_HiFi/deepconsensus/v1pt2/HG02622.m64043_200604_075218.dc.q20.fastq.gz
HG03540	s3://human-pangenomics/submissions/3A25CF8A-1F36-42EE-BC9F-D29CECAA2A99--HPRC_DEEPCONSENSUS_v1pt2_2023_12_q20/HG03540/raw_data/PacBio_HiFi/deepconsensus/v1pt2/HG03540.m64043_200521_171703.dc.q20.fastq.gz
HG03540	s3://human-pangenomics/submissions/3A25CF8A-1F36-42EE-BC9F-D29CECAA2A99--HPRC_DEEPCONSENSUS_v1pt2_2023_12_q20/HG03540/raw_data/PacBio_HiFi/deepconsensus/v1pt2/HG03540.m64043_200522_232930.dc.q20.fastq.gz
HG03540	s3://human-pangenomics/submissions/3A25CF8A-1F36-42EE-BC9F-D29CECAA2A99--HPRC_DEEPCONSENSUS_v1pt2_2023_12_q20/HG03540/raw_data/PacBio_HiFi/deepconsensus/v1pt2/HG03540.m64043_200524_055430.dc.q20.fastq.gz
HG03540	s3://human-pangenomics/submissions/3A25CF8A-1F36-42EE-BC9F-D29CECAA2A99--HPRC_DEEPCONSENSUS_v1pt2_2023_12_q20/HG03540/raw_data/PacBio_HiFi/deepconsensus/v1pt2/HG03540.m64043_200525_121851.dc.q20.fastq.gz
HG03453	s3://human-pangenomics/submissions/3A25CF8A-1F36-42EE-BC9F-D29CECAA2A99--HPRC_DEEPCONSENSUS_v1pt2_2023_12_q20/HG03453/raw_data/PacBio_HiFi/deepconsensus/v1pt2/HG03453.m64043_200508_172634.dc.q20.fastq.gz
HG03453	s3://human-pangenomics/submissions/3A25CF8A-1F36-42EE-BC9F-D29CECAA2A99--HPRC_DEEPCONSENSUS_v1pt2_2023_12_q20/HG03453/raw_data/PacBio_HiFi/deepconsensus/v1pt2/HG03453.m64043_200509_233929.dc.q20.fastq.gz
HG03453	s3://human-pangenomics/submissions/3A25CF8A-1F36-42EE-BC9F-D29CECAA2A99--HPRC_DEEPCONSENSUS_v1pt2_2023_12_q20/HG03453/raw_data/PacBio_HiFi/deepconsensus/v1pt2/HG03453.m64043_200511_060458.dc.q20.fastq.gz
HG03453	s3://human-pangenomics/submissions/3A25CF8A-1F36-42EE-BC9F-D29CECAA2A99--HPRC_DEEPCONSENSUS_v1pt2_2023_12_q20/HG03453/raw_data/PacBio_HiFi/deepconsensus/v1pt2/HG03453.m64043_200512_123035.dc.q20.fastq.gz
HG02148	s3://human-pangenomics/submissions/3A25CF8A-1F36-42EE-BC9F-D29CECAA2A99--HPRC_DEEPCONSENSUS_v1pt2_2023_12_q20/HG02148/raw_data/PacBio_HiFi/deepconsensus/v1pt2/HG02148.m64136_200618_202033.dc.q20.fastq.gz
HG02148	s3://human-pangenomics/submissions/3A25CF8A-1F36-42EE-BC9F-D29CECAA2A99--HPRC_DEEPCONSENSUS_v1pt2_2023_12_q20/HG02148/raw_data/PacBio_HiFi/deepconsensus/v1pt2/HG02148.m64136_200620_173618.dc.q20.fastq.gz
HG02148	s3://human-pangenomics/submissions/3A25CF8A-1F36-42EE-BC9F-D29CECAA2A99--HPRC_DEEPCONSENSUS_v1pt2_2023_12_q20/HG02148/raw_data/PacBio_HiFi/deepconsensus/v1pt2/HG02148.m64136_200621_234916.dc.q20.fastq.gz
HG02148	s3://human-pangenomics/submissions/3A25CF8A-1F36-42EE-BC9F-D29CECAA2A99--HPRC_DEEPCONSENSUS_v1pt2_2023_12_q20/HG02148/raw_data/PacBio_HiFi/deepconsensus/v1pt2/HG02148.m64136_200623_061529.dc.q20.fastq.gz
HG02148	s3://human-pangenomics/submissions/7acad60d-3d90-4dcf-9291-e2c679724df3--WUSTL_HPRC_HiFi_Year1_TopUp/HG02148/PacBio_HiFi/m84081_231222_081401_s1.hifi_reads.bc2023.bam
HG02148	s3://human-pangenomics/submissions/7acad60d-3d90-4dcf-9291-e2c679724df3--WUSTL_HPRC_HiFi_Year1_TopUp/HG02148/PacBio_HiFi/m84081_231222_101332_s2.hifi_reads.bc2023.bam
HG02148	s3://human-pangenomics/submissions/7acad60d-3d90-4dcf-9291-e2c679724df3--WUSTL_HPRC_HiFi_Year1_TopUp/HG02148/PacBio_HiFi/m84081_231222_121301_s3.hifi_reads.bc2023.bam
HG02148	s3://human-pangenomics/submissions/7acad60d-3d90-4dcf-9291-e2c679724df3--WUSTL_HPRC_HiFi_Year1_TopUp/HG02148/PacBio_HiFi/m84081_231222_141231_s4.hifi_reads.bc2023.bam
HG01952	s3://human-pangenomics/submissions/3A25CF8A-1F36-42EE-BC9F-D29CECAA2A99--HPRC_DEEPCONSENSUS_v1pt2_2023_12_q20/HG01952/raw_data/PacBio_HiFi/deepconsensus/v1pt2/HG01952.m64136_200612_201033.dc.q20.fastq.gz
HG01952	s3://human-pangenomics/submissions/3A25CF8A-1F36-42EE-BC9F-D29CECAA2A99--HPRC_DEEPCONSENSUS_v1pt2_2023_12_q20/HG01952/raw_data/PacBio_HiFi/deepconsensus/v1pt2/HG01952.m64136_200614_192134.dc.q20.fastq.gz
HG01952	s3://human-pangenomics/submissions/3A25CF8A-1F36-42EE-BC9F-D29CECAA2A99--HPRC_DEEPCONSENSUS_v1pt2_2023_12_q20/HG01952/raw_data/PacBio_HiFi/deepconsensus/v1pt2/HG01952.m64136_200616_013426.dc.q20.fastq.gz
HG01952	s3://human-pangenomics/submissions/3A25CF8A-1F36-42EE-BC9F-D29CECAA2A99--HPRC_DEEPCONSENSUS_v1pt2_2023_12_q20/HG01952/raw_data/PacBio_HiFi/deepconsensus/v1pt2/HG01952.m64136_200617_080019.dc.q20.fastq.gz
HG01952	s3://human-pangenomics/submissions/7acad60d-3d90-4dcf-9291-e2c679724df3--WUSTL_HPRC_HiFi_Year1_TopUp/HG01952/PacBio_HiFi/m84081_231222_081401_s1.hifi_reads.bc2029.bam
HG01952	s3://human-pangenomics/submissions/7acad60d-3d90-4dcf-9291-e2c679724df3--WUSTL_HPRC_HiFi_Year1_TopUp/HG01952/PacBio_HiFi/m84081_231222_101332_s2.hifi_reads.bc2029.bam
HG01952	s3://human-pangenomics/submissions/7acad60d-3d90-4dcf-9291-e2c679724df3--WUSTL_HPRC_HiFi_Year1_TopUp/HG01952/PacBio_HiFi/m84081_231222_121301_s3.hifi_reads.bc2029.bam
HG01952	s3://human-pangenomics/submissions/7acad60d-3d90-4dcf-9291-e2c679724df3--WUSTL_HPRC_HiFi_Year1_TopUp/HG01952/PacBio_HiFi/m84081_231222_141231_s4.hifi_reads.bc2029.bam
HG01106	s3://human-pangenomics/submissions/3A25CF8A-1F36-42EE-BC9F-D29CECAA2A99--HPRC_DEEPCONSENSUS_v1pt2_2023_12_q20/HG01106/raw_data/PacBio_HiFi/deepconsensus/v1pt2/HG01106.m64043_200625_174853.dc.q20.fastq.gz
HG01106	s3://human-pangenomics/submissions/3A25CF8A-1F36-42EE-BC9F-D29CECAA2A99--HPRC_DEEPCONSENSUS_v1pt2_2023_12_q20/HG01106/raw_data/PacBio_HiFi/deepconsensus/v1pt2/HG01106.m64043_200627_000137.dc.q20.fastq.gz
HG01106	s3://human-pangenomics/submissions/3A25CF8A-1F36-42EE-BC9F-D29CECAA2A99--HPRC_DEEPCONSENSUS_v1pt2_2023_12_q20/HG01106/raw_data/PacBio_HiFi/deepconsensus/v1pt2/HG01106.m64043_200628_062711.dc.q20.fastq.gz
HG01106	s3://human-pangenomics/submissions/3A25CF8A-1F36-42EE-BC9F-D29CECAA2A99--HPRC_DEEPCONSENSUS_v1pt2_2023_12_q20/HG01106/raw_data/PacBio_HiFi/deepconsensus/v1pt2/HG01106.m64043_200629_125238.dc.q20.fastq.gz
HG01175	s3://human-pangenomics/submissions/3A25CF8A-1F36-42EE-BC9F-D29CECAA2A99--HPRC_DEEPCONSENSUS_v1pt2_2023_12_q20/HG01175/raw_data/PacBio_HiFi/deepconsensus/v1pt2/HG01175.m64043_200618_201934.dc.q20.fastq.gz
HG01175	s3://human-pangenomics/submissions/3A25CF8A-1F36-42EE-BC9F-D29CECAA2A99--HPRC_DEEPCONSENSUS_v1pt2_2023_12_q20/HG01175/raw_data/PacBio_HiFi/deepconsensus/v1pt2/HG01175.m64043_200620_173220.dc.q20.fastq.gz
HG01175	s3://human-pangenomics/submissions/3A25CF8A-1F36-42EE-BC9F-D29CECAA2A99--HPRC_DEEPCONSENSUS_v1pt2_2023_12_q20/HG01175/raw_data/PacBio_HiFi/deepconsensus/v1pt2/HG01175.m64043_200621_234442.dc.q20.fastq.gz
HG01175	s3://human-pangenomics/submissions/3A25CF8A-1F36-42EE-BC9F-D29CECAA2A99--HPRC_DEEPCONSENSUS_v1pt2_2023_12_q20/HG01175/raw_data/PacBio_HiFi/deepconsensus/v1pt2/HG01175.m64043_200623_060946.dc.q20.fastq.gz
HG01175	s3://human-pangenomics/submissions/7acad60d-3d90-4dcf-9291-e2c679724df3--WUSTL_HPRC_HiFi_Year1_TopUp/HG01175/PacBio_HiFi/m84081_231222_081401_s1.hifi_reads.bc2025.bam
HG01175	s3://human-pangenomics/submissions/7acad60d-3d90-4dcf-9291-e2c679724df3--WUSTL_HPRC_HiFi_Year1_TopUp/HG01175/PacBio_HiFi/m84081_231222_101332_s2.hifi_reads.bc2025.bam
HG01175	s3://human-pangenomics/submissions/7acad60d-3d90-4dcf-9291-e2c679724df3--WUSTL_HPRC_HiFi_Year1_TopUp/HG01175/PacBio_HiFi/m84081_231222_121301_s3.hifi_reads.bc2025.bam
HG01175	s3://human-pangenomics/submissions/7acad60d-3d90-4dcf-9291-e2c679724df3--WUSTL_HPRC_HiFi_Year1_TopUp/HG01175/PacBio_HiFi/m84081_231222_141231_s4.hifi_reads.bc2025.bam
HG00741	s3://human-pangenomics/submissions/3A25CF8A-1F36-42EE-BC9F-D29CECAA2A99--HPRC_DEEPCONSENSUS_v1pt2_2023_12_q20/HG00741/raw_data/PacBio_HiFi/deepconsensus/v1pt2/HG00741.m64136_200625_174949.dc.q20.fastq.gz
HG00741	s3://human-pangenomics/submissions/3A25CF8A-1F36-42EE-BC9F-D29CECAA2A99--HPRC_DEEPCONSENSUS_v1pt2_2023_12_q20/HG00741/raw_data/PacBio_HiFi/deepconsensus/v1pt2/HG00741.m64136_200627_000247.dc.q20.fastq.gz
HG00741	s3://human-pangenomics/submissions/3A25CF8A-1F36-42EE-BC9F-D29CECAA2A99--HPRC_DEEPCONSENSUS_v1pt2_2023_12_q20/HG00741/raw_data/PacBio_HiFi/deepconsensus/v1pt2/HG00741.m64136_200628_062837.dc.q20.fastq.gz
HG00741	s3://human-pangenomics/submissions/3A25CF8A-1F36-42EE-BC9F-D29CECAA2A99--HPRC_DEEPCONSENSUS_v1pt2_2023_12_q20/HG00741/raw_data/PacBio_HiFi/deepconsensus/v1pt2/HG00741.m64136_200629_125431.dc.q20.fastq.gz
HG00741	s3://human-pangenomics/submissions/7acad60d-3d90-4dcf-9291-e2c679724df3--WUSTL_HPRC_HiFi_Year1_TopUp/HG00741/PacBio_HiFi/m84081_231222_081401_s1.hifi_reads.bc2024.bam
HG00741	s3://human-pangenomics/submissions/7acad60d-3d90-4dcf-9291-e2c679724df3--WUSTL_HPRC_HiFi_Year1_TopUp/HG00741/PacBio_HiFi/m84081_231222_101332_s2.hifi_reads.bc2024.bam
HG00741	s3://human-pangenomics/submissions/7acad60d-3d90-4dcf-9291-e2c679724df3--WUSTL_HPRC_HiFi_Year1_TopUp/HG00741/PacBio_HiFi/m84081_231222_121301_s3.hifi_reads.bc2024.bam
HG00741	s3://human-pangenomics/submissions/7acad60d-3d90-4dcf-9291-e2c679724df3--WUSTL_HPRC_HiFi_Year1_TopUp/HG00741/PacBio_HiFi/m84081_231222_141231_s4.hifi_reads.bc2024.bam
HG00735	s3://human-pangenomics/submissions/3A25CF8A-1F36-42EE-BC9F-D29CECAA2A99--HPRC_DEEPCONSENSUS_v1pt2_2023_12_q20/HG00735/raw_data/PacBio_HiFi/deepconsensus/v1pt2/HG00735.m64043_200702_173033.dc.q20.fastq.gz
HG00735	s3://human-pangenomics/submissions/3A25CF8A-1F36-42EE-BC9F-D29CECAA2A99--HPRC_DEEPCONSENSUS_v1pt2_2023_12_q20/HG00735/raw_data/PacBio_HiFi/deepconsensus/v1pt2/HG00735.m64043_200703_234328.dc.q20.fastq.gz
HG00735	s3://human-pangenomics/submissions/3A25CF8A-1F36-42EE-BC9F-D29CECAA2A99--HPRC_DEEPCONSENSUS_v1pt2_2023_12_q20/HG00735/raw_data/PacBio_HiFi/deepconsensus/v1pt2/HG00735.m64043_200705_060840.dc.q20.fastq.gz
HG00735	s3://human-pangenomics/submissions/3A25CF8A-1F36-42EE-BC9F-D29CECAA2A99--HPRC_DEEPCONSENSUS_v1pt2_2023_12_q20/HG00735/raw_data/PacBio_HiFi/deepconsensus/v1pt2/HG00735.m64043_200706_123423.dc.q20.fastq.gz
HG00621	s3://human-pangenomics/submissions/3A25CF8A-1F36-42EE-BC9F-D29CECAA2A99--HPRC_DEEPCONSENSUS_v1pt2_2023_12_q20/HG00621/raw_data/PacBio_HiFi/deepconsensus/v1pt2/HG00621.m64136_200710_174522.dc.q20.fastq.gz
HG00621	s3://human-pangenomics/submissions/3A25CF8A-1F36-42EE-BC9F-D29CECAA2A99--HPRC_DEEPCONSENSUS_v1pt2_2023_12_q20/HG00621/raw_data/PacBio_HiFi/deepconsensus/v1pt2/HG00621.m64136_200711_235843.dc.q20.fastq.gz
HG00621	s3://human-pangenomics/submissions/3A25CF8A-1F36-42EE-BC9F-D29CECAA2A99--HPRC_DEEPCONSENSUS_v1pt2_2023_12_q20/HG00621/raw_data/PacBio_HiFi/deepconsensus/v1pt2/HG00621.m64136_200713_062514.dc.q20.fastq.gz
HG00621	s3://human-pangenomics/submissions/3A25CF8A-1F36-42EE-BC9F-D29CECAA2A99--HPRC_DEEPCONSENSUS_v1pt2_2023_12_q20/HG00621/raw_data/PacBio_HiFi/deepconsensus/v1pt2/HG00621.m64136_200714_125149.dc.q20.fastq.gz
HG00621	s3://human-pangenomics/submissions/7acad60d-3d90-4dcf-9291-e2c679724df3--WUSTL_HPRC_HiFi_Year1_TopUp/HG00621/PacBio_HiFi/m84081_231222_081401_s1.hifi_reads.bc2027.bam
HG00621	s3://human-pangenomics/submissions/7acad60d-3d90-4dcf-9291-e2c679724df3--WUSTL_HPRC_HiFi_Year1_TopUp/HG00621/PacBio_HiFi/m84081_231222_101332_s2.hifi_reads.bc2027.bam
HG00621	s3://human-pangenomics/submissions/7acad60d-3d90-4dcf-9291-e2c679724df3--WUSTL_HPRC_HiFi_Year1_TopUp/HG00621/PacBio_HiFi/m84081_231222_121301_s3.hifi_reads.bc2027.bam
HG00621	s3://human-pangenomics/submissions/7acad60d-3d90-4dcf-9291-e2c679724df3--WUSTL_HPRC_HiFi_Year1_TopUp/HG00621/PacBio_HiFi/m84081_231222_141231_s4.hifi_reads.bc2027.bam
NA20905	s3://human-pangenomics/submissions/42AFCE59-2972-45EE-BB72-5B84E7B57377--HPRC_DEEPCONSENSUS_v1pt2_2023_08_q20/NA20905/raw_data/PacBio_HiFi/deepconsensus/v1pt2/NA20905.m64076_220914_214248.dc.q20.fastq.gz
NA20905	s3://human-pangenomics/submissions/42AFCE59-2972-45EE-BB72-5B84E7B57377--HPRC_DEEPCONSENSUS_v1pt2_2023_08_q20/NA20905/raw_data/PacBio_HiFi/deepconsensus/v1pt2/NA20905.m64076_220916_183810.dc.q20.fastq.gz
NA20905	s3://human-pangenomics/submissions/42AFCE59-2972-45EE-BB72-5B84E7B57377--HPRC_DEEPCONSENSUS_v1pt2_2023_08_q20/NA20905/raw_data/PacBio_HiFi/deepconsensus/v1pt2/NA20905.m64076_220918_143117.dc.q20.fastq.gz
NA20905	s3://human-pangenomics/submissions/4f8c8e63-dfd3-4f90-965f-8a8cf3ee4de9--UW_HPRC_HiFi_Y4_AND_Y3_Topoff/NA20905/m84046_230522_234602_s2.hifi_reads.bc2060.bam
NA20905	s3://human-pangenomics/submissions/4f8c8e63-dfd3-4f90-965f-8a8cf3ee4de9--UW_HPRC_HiFi_Y4_AND_Y3_Topoff/NA20905/m84046_230623_210640_s1.hifi_reads.bc2060.bam
HG02165	s3://human-pangenomics/submissions/42AFCE59-2972-45EE-BB72-5B84E7B57377--HPRC_DEEPCONSENSUS_v1pt2_2023_08_q20/HG02165/raw_data/PacBio_HiFi/deepconsensus/v1pt2/HG02165.m64076_220902_143723.dc.q20.fastq.gz
HG02165	s3://human-pangenomics/submissions/42AFCE59-2972-45EE-BB72-5B84E7B57377--HPRC_DEEPCONSENSUS_v1pt2_2023_08_q20/HG02165/raw_data/PacBio_HiFi/deepconsensus/v1pt2/HG02165.m64076_220904_113359.dc.q20.fastq.gz
HG02165	s3://human-pangenomics/submissions/42AFCE59-2972-45EE-BB72-5B84E7B57377--HPRC_DEEPCONSENSUS_v1pt2_2023_08_q20/HG02165/raw_data/PacBio_HiFi/deepconsensus/v1pt2/HG02165.m64076_220906_083112.dc.q20.fastq.gz
HG02165	s3://human-pangenomics/submissions/4f8c8e63-dfd3-4f90-965f-8a8cf3ee4de9--UW_HPRC_HiFi_Y4_AND_Y3_Topoff/HG02165/m84046_230617_040148_s2.hifi_reads.bc2054.bam
NA18983	s3://human-pangenomics/submissions/42AFCE59-2972-45EE-BB72-5B84E7B57377--HPRC_DEEPCONSENSUS_v1pt2_2023_08_q20/NA18983/raw_data/PacBio_HiFi/deepconsensus/v1pt2/NA18983.m54329U_220903_190900.dc.q20.fastq.gz
NA18983	s3://human-pangenomics/submissions/42AFCE59-2972-45EE-BB72-5B84E7B57377--HPRC_DEEPCONSENSUS_v1pt2_2023_08_q20/NA18983/raw_data/PacBio_HiFi/deepconsensus/v1pt2/NA18983.m54329U_220905_144015.dc.q20.fastq.gz
NA18983	s3://human-pangenomics/submissions/42AFCE59-2972-45EE-BB72-5B84E7B57377--HPRC_DEEPCONSENSUS_v1pt2_2023_08_q20/NA18983/raw_data/PacBio_HiFi/deepconsensus/v1pt2/NA18983.m54329U_220907_100858.dc.q20.fastq.gz
NA18983	s3://human-pangenomics/submissions/42AFCE59-2972-45EE-BB72-5B84E7B57377--HPRC_DEEPCONSENSUS_v1pt2_2023_08_q20/NA18983/raw_data/PacBio_HiFi/deepconsensus/v1pt2/NA18983.m64457e_220902_165459.dc.q20.fastq.gz
NA18983	s3://human-pangenomics/submissions/42AFCE59-2972-45EE-BB72-5B84E7B57377--HPRC_DEEPCONSENSUS_v1pt2_2023_08_q20/NA18983/raw_data/PacBio_HiFi/deepconsensus/v1pt2/NA18983.m64457e_220904_135104.dc.q20.fastq.gz
NA18983	s3://human-pangenomics/submissions/42AFCE59-2972-45EE-BB72-5B84E7B57377--HPRC_DEEPCONSENSUS_v1pt2_2023_08_q20/NA18983/raw_data/PacBio_HiFi/deepconsensus/v1pt2/NA18983.m64457e_220906_104717.dc.q20.fastq.gz
NA18983	s3://human-pangenomics/submissions/4f8c8e63-dfd3-4f90-965f-8a8cf3ee4de9--UW_HPRC_HiFi_Y4_AND_Y3_Topoff/NA18983/m84046_230623_210640_s1.hifi_reads.bc2055.bam
HG02040	s3://human-pangenomics/submissions/42AFCE59-2972-45EE-BB72-5B84E7B57377--HPRC_DEEPCONSENSUS_v1pt2_2023_08_q20/HG02040/raw_data/PacBio_HiFi/deepconsensus/v1pt2/HG02040.m64076_220908_204946.dc.q20.fastq.gz
HG02040	s3://human-pangenomics/submissions/42AFCE59-2972-45EE-BB72-5B84E7B57377--HPRC_DEEPCONSENSUS_v1pt2_2023_08_q20/HG02040/raw_data/PacBio_HiFi/deepconsensus/v1pt2/HG02040.m64076_220910_174812.dc.q20.fastq.gz
HG02040	s3://human-pangenomics/submissions/42AFCE59-2972-45EE-BB72-5B84E7B57377--HPRC_DEEPCONSENSUS_v1pt2_2023_08_q20/HG02040/raw_data/PacBio_HiFi/deepconsensus/v1pt2/HG02040.m64076_220912_140850.dc.q20.fastq.gz
HG02040	s3://human-pangenomics/submissions/4f8c8e63-dfd3-4f90-965f-8a8cf3ee4de9--UW_HPRC_HiFi_Y4_AND_Y3_Topoff/HG02040/m84046_230531_221339_s3.hifi_reads.bc2056.bam
HG02965	s3://human-pangenomics/submissions/42AFCE59-2972-45EE-BB72-5B84E7B57377--HPRC_DEEPCONSENSUS_v1pt2_2023_08_q20/HG02965/raw_data/PacBio_HiFi/deepconsensus/v1pt2/HG02965.m64043_220715_182700.dc.q20.fastq.gz
HG02965	s3://human-pangenomics/submissions/42AFCE59-2972-45EE-BB72-5B84E7B57377--HPRC_DEEPCONSENSUS_v1pt2_2023_08_q20/HG02965/raw_data/PacBio_HiFi/deepconsensus/v1pt2/HG02965.m64043_220717_152237.dc.q20.fastq.gz
HG02965	s3://human-pangenomics/submissions/42AFCE59-2972-45EE-BB72-5B84E7B57377--HPRC_DEEPCONSENSUS_v1pt2_2023_08_q20/HG02965/raw_data/PacBio_HiFi/deepconsensus/v1pt2/HG02965.m64043_220719_122051.dc.q20.fastq.gz
HG02965	s3://human-pangenomics/submissions/331018f0-4fa6-46d3-bf49-dc08405598c3--WUSTL_HPRC_HiFi_Year3_TopUp/HG02965/PacBio_HiFi/m84081_230628_183924_s1.hifi_reads.bc1017.bam
HG02965	s3://human-pangenomics/submissions/331018f0-4fa6-46d3-bf49-dc08405598c3--WUSTL_HPRC_HiFi_Year3_TopUp/HG02965/PacBio_HiFi/m84081_230628_190945_s2.hifi_reads.bc1017.bam
HG00099	s3://human-pangenomics/submissions/42AFCE59-2972-45EE-BB72-5B84E7B57377--HPRC_DEEPCONSENSUS_v1pt2_2023_08_q20/HG00099/raw_data/PacBio_HiFi/deepconsensus/v1pt2/HG00099.m54329U_220825_174247.dc.q20.fastq.gz
HG00099	s3://human-pangenomics/submissions/42AFCE59-2972-45EE-BB72-5B84E7B57377--HPRC_DEEPCONSENSUS_v1pt2_2023_08_q20/HG00099/raw_data/PacBio_HiFi/deepconsensus/v1pt2/HG00099.m54329U_220827_143814.dc.q20.fastq.gz
HG00099	s3://human-pangenomics/submissions/42AFCE59-2972-45EE-BB72-5B84E7B57377--HPRC_DEEPCONSENSUS_v1pt2_2023_08_q20/HG00099/raw_data/PacBio_HiFi/deepconsensus/v1pt2/HG00099.m54329U_220829_095708.dc.q20.fastq.gz
HG00099	s3://human-pangenomics/submissions/4f8c8e63-dfd3-4f90-965f-8a8cf3ee4de9--UW_HPRC_HiFi_Y4_AND_Y3_Topoff/HG00099/m84046_230517_211630_s4.hifi_reads.bc2012.bam
NA20805	s3://human-pangenomics/submissions/42AFCE59-2972-45EE-BB72-5B84E7B57377--HPRC_DEEPCONSENSUS_v1pt2_2023_08_q20/NA20805/raw_data/PacBio_HiFi/deepconsensus/v1pt2/NA20805.m64136_220726_203708.dc.q20.fastq.gz
NA20805	s3://human-pangenomics/submissions/42AFCE59-2972-45EE-BB72-5B84E7B57377--HPRC_DEEPCONSENSUS_v1pt2_2023_08_q20/NA20805/raw_data/PacBio_HiFi/deepconsensus/v1pt2/NA20805.m64136_220728_160902.dc.q20.fastq.gz
NA20805	s3://human-pangenomics/submissions/42AFCE59-2972-45EE-BB72-5B84E7B57377--HPRC_DEEPCONSENSUS_v1pt2_2023_08_q20/NA20805/raw_data/PacBio_HiFi/deepconsensus/v1pt2/NA20805.m64136_220730_113921.dc.q20.fastq.gz
NA20805	s3://human-pangenomics/submissions/331018f0-4fa6-46d3-bf49-dc08405598c3--WUSTL_HPRC_HiFi_Year3_TopUp/NA20805/PacBio_HiFi/m84081_230728_191731_s1.hifi_reads.bc2027.bam
HG00323	s3://human-pangenomics/submissions/42AFCE59-2972-45EE-BB72-5B84E7B57377--HPRC_DEEPCONSENSUS_v1pt2_2023_08_q20/HG00323/raw_data/PacBio_HiFi/deepconsensus/v1pt2/HG00323.m64043_220728_173215.dc.q20.fastq.gz
HG00323	s3://human-pangenomics/submissions/42AFCE59-2972-45EE-BB72-5B84E7B57377--HPRC_DEEPCONSENSUS_v1pt2_2023_08_q20/HG00323/raw_data/PacBio_HiFi/deepconsensus/v1pt2/HG00323.m64136_220708_205611.dc.q20.fastq.gz
HG00323	s3://human-pangenomics/submissions/42AFCE59-2972-45EE-BB72-5B84E7B57377--HPRC_DEEPCONSENSUS_v1pt2_2023_08_q20/HG00323/raw_data/PacBio_HiFi/deepconsensus/v1pt2/HG00323.m64136_220710_175208.dc.q20.fastq.gz
HG00323	s3://human-pangenomics/submissions/42AFCE59-2972-45EE-BB72-5B84E7B57377--HPRC_DEEPCONSENSUS_v1pt2_2023_08_q20/HG00323/raw_data/PacBio_HiFi/deepconsensus/v1pt2/HG00323.m64136_220712_144943.dc.q20.fastq.gz
HG00323	s3://human-pangenomics/submissions/331018f0-4fa6-46d3-bf49-dc08405598c3--WUSTL_HPRC_HiFi_Year3_TopUp/HG00323/PacBio_HiFi/m84081_230623_212309_s3.hifi_reads.bc1016.bam
HG00323	s3://human-pangenomics/submissions/331018f0-4fa6-46d3-bf49-dc08405598c3--WUSTL_HPRC_HiFi_Year3_TopUp/HG00323/PacBio_HiFi/m84081_230623_215414_s4.hifi_reads.bc1016.bam
HG00323	s3://human-pangenomics/submissions/331018f0-4fa6-46d3-bf49-dc08405598c3--WUSTL_HPRC_HiFi_Year3_TopUp/HG00323/PacBio_HiFi/m84081_230624_203119_s1.hifi_reads.bc1016.bam
HG00323	s3://human-pangenomics/submissions/331018f0-4fa6-46d3-bf49-dc08405598c3--WUSTL_HPRC_HiFi_Year3_TopUp/HG00323/PacBio_HiFi/m84081_230624_210225_s2.hifi_reads.bc1016.bam
HG00323	s3://human-pangenomics/submissions/331018f0-4fa6-46d3-bf49-dc08405598c3--WUSTL_HPRC_HiFi_Year3_TopUp/HG00323/PacBio_HiFi/m84081_230624_213331_s3.hifi_reads.bc1016.bam
HG00323	s3://human-pangenomics/submissions/331018f0-4fa6-46d3-bf49-dc08405598c3--WUSTL_HPRC_HiFi_Year3_TopUp/HG00323/PacBio_HiFi/m84081_230624_220437_s4.hifi_reads.bc1016.bam
NA18971	s3://human-pangenomics/submissions/42AFCE59-2972-45EE-BB72-5B84E7B57377--HPRC_DEEPCONSENSUS_v1pt2_2023_08_q20/NA18971/raw_data/PacBio_HiFi/deepconsensus/v1pt2/NA18971.m64043_220701_181144.dc.q20.fastq.gz
NA18971	s3://human-pangenomics/submissions/42AFCE59-2972-45EE-BB72-5B84E7B57377--HPRC_DEEPCONSENSUS_v1pt2_2023_08_q20/NA18971/raw_data/PacBio_HiFi/deepconsensus/v1pt2/NA18971.m64043_220703_150718.dc.q20.fastq.gz
NA18971	s3://human-pangenomics/submissions/42AFCE59-2972-45EE-BB72-5B84E7B57377--HPRC_DEEPCONSENSUS_v1pt2_2023_08_q20/NA18971/raw_data/PacBio_HiFi/deepconsensus/v1pt2/NA18971.m64043_220705_120954.dc.q20.fastq.gz
NA18971	s3://human-pangenomics/submissions/42AFCE59-2972-45EE-BB72-5B84E7B57377--HPRC_DEEPCONSENSUS_v1pt2_2023_08_q20/NA18971/raw_data/PacBio_HiFi/deepconsensus/v1pt2/NA18971.m64043_220728_173215.dc.q20.fastq.gz
NA18971	s3://human-pangenomics/submissions/331018f0-4fa6-46d3-bf49-dc08405598c3--WUSTL_HPRC_HiFi_Year3_TopUp/NA18971/PacBio_HiFi/m84081_230628_183924_s1.hifi_reads.bc1011.bam
NA18971	s3://human-pangenomics/submissions/331018f0-4fa6-46d3-bf49-dc08405598c3--WUSTL_HPRC_HiFi_Year3_TopUp/NA18971/PacBio_HiFi/m84081_230628_190945_s2.hifi_reads.bc1011.bam
HG02155	s3://human-pangenomics/submissions/42AFCE59-2972-45EE-BB72-5B84E7B57377--HPRC_DEEPCONSENSUS_v1pt2_2023_08_q20/HG02155/raw_data/PacBio_HiFi/deepconsensus/v1pt2/HG02155.m64043_220728_173215.dc.q20.fastq.gz
HG02155	s3://human-pangenomics/submissions/42AFCE59-2972-45EE-BB72-5B84E7B57377--HPRC_DEEPCONSENSUS_v1pt2_2023_08_q20/HG02155/raw_data/PacBio_HiFi/deepconsensus/v1pt2/HG02155.m64136_220701_181202.dc.q20.fastq.gz
HG02155	s3://human-pangenomics/submissions/42AFCE59-2972-45EE-BB72-5B84E7B57377--HPRC_DEEPCONSENSUS_v1pt2_2023_08_q20/HG02155/raw_data/PacBio_HiFi/deepconsensus/v1pt2/HG02155.m64136_220703_150713.dc.q20.fastq.gz
HG02155	s3://human-pangenomics/submissions/42AFCE59-2972-45EE-BB72-5B84E7B57377--HPRC_DEEPCONSENSUS_v1pt2_2023_08_q20/HG02155/raw_data/PacBio_HiFi/deepconsensus/v1pt2/HG02155.m64136_220705_120453.dc.q20.fastq.gz
HG02155	s3://human-pangenomics/submissions/331018f0-4fa6-46d3-bf49-dc08405598c3--WUSTL_HPRC_HiFi_Year3_TopUp/HG02155/PacBio_HiFi/m84081_230628_194051_s3.hifi_reads.bc1012.bam
HG02155	s3://human-pangenomics/submissions/331018f0-4fa6-46d3-bf49-dc08405598c3--WUSTL_HPRC_HiFi_Year3_TopUp/HG02155/PacBio_HiFi/m84081_230628_201157_s4.hifi_reads.bc1012.bam
HG03139	s3://human-pangenomics/submissions/42AFCE59-2972-45EE-BB72-5B84E7B57377--HPRC_DEEPCONSENSUS_v1pt2_2023_08_q20/HG03139/raw_data/PacBio_HiFi/deepconsensus/v1pt2/HG03139.m54329U_220519_225150.dc.q20.fastq.gz
HG03139	s3://human-pangenomics/submissions/42AFCE59-2972-45EE-BB72-5B84E7B57377--HPRC_DEEPCONSENSUS_v1pt2_2023_08_q20/HG03139/raw_data/PacBio_HiFi/deepconsensus/v1pt2/HG03139.m54329U_220523_155616.dc.q20.fastq.gz
HG03139	s3://human-pangenomics/submissions/42AFCE59-2972-45EE-BB72-5B84E7B57377--HPRC_DEEPCONSENSUS_v1pt2_2023_08_q20/HG03139/raw_data/PacBio_HiFi/deepconsensus/v1pt2/HG03139.m54329U_220525_111437.dc.q20.fastq.gz
HG03139	s3://human-pangenomics/submissions/4f8c8e63-dfd3-4f90-965f-8a8cf3ee4de9--UW_HPRC_HiFi_Y4_AND_Y3_Topoff/HG03139/m84046_230602_220440_s3.hifi_reads.bc2019.bam
HG03139	s3://human-pangenomics/submissions/4f8c8e63-dfd3-4f90-965f-8a8cf3ee4de9--UW_HPRC_HiFi_Y4_AND_Y3_Topoff/HG03139/m84046_230623_210640_s1.hifi_reads.bc2019.bam
HG03130	s3://human-pangenomics/submissions/42AFCE59-2972-45EE-BB72-5B84E7B57377--HPRC_DEEPCONSENSUS_v1pt2_2023_08_q20/HG03130/raw_data/PacBio_HiFi/deepconsensus/v1pt2/HG03130.m64076_220513_215716.dc.q20.fastq.gz
HG03130	s3://human-pangenomics/submissions/42AFCE59-2972-45EE-BB72-5B84E7B57377--HPRC_DEEPCONSENSUS_v1pt2_2023_08_q20/HG03130/raw_data/PacBio_HiFi/deepconsensus/v1pt2/HG03130.m64076_220516_221911.dc.q20.fastq.gz
HG03130	s3://human-pangenomics/submissions/42AFCE59-2972-45EE-BB72-5B84E7B57377--HPRC_DEEPCONSENSUS_v1pt2_2023_08_q20/HG03130/raw_data/PacBio_HiFi/deepconsensus/v1pt2/HG03130.m64076_220518_191414.dc.q20.fastq.gz
HG03130	s3://human-pangenomics/submissions/4f8c8e63-dfd3-4f90-965f-8a8cf3ee4de9--UW_HPRC_HiFi_Y4_AND_Y3_Topoff/HG03130/m84046_230602_213334_s2.hifi_reads.bc2018.bam
NA18612	s3://human-pangenomics/submissions/42AFCE59-2972-45EE-BB72-5B84E7B57377--HPRC_DEEPCONSENSUS_v1pt2_2023_08_q20/NA18612/raw_data/PacBio_HiFi/deepconsensus/v1pt2/NA18612.m64043_220708_205637.dc.q20.fastq.gz
NA18612	s3://human-pangenomics/submissions/42AFCE59-2972-45EE-BB72-5B84E7B57377--HPRC_DEEPCONSENSUS_v1pt2_2023_08_q20/NA18612/raw_data/PacBio_HiFi/deepconsensus/v1pt2/NA18612.m64043_220710_175250.dc.q20.fastq.gz
NA18612	s3://human-pangenomics/submissions/42AFCE59-2972-45EE-BB72-5B84E7B57377--HPRC_DEEPCONSENSUS_v1pt2_2023_08_q20/NA18612/raw_data/PacBio_HiFi/deepconsensus/v1pt2/NA18612.m64043_220712_145025.dc.q20.fastq.gz
NA18612	s3://human-pangenomics/submissions/331018f0-4fa6-46d3-bf49-dc08405598c3--WUSTL_HPRC_HiFi_Year3_TopUp/NA18612/PacBio_HiFi/m84081_230628_194051_s3.hifi_reads.bc1015.bam
NA18612	s3://human-pangenomics/submissions/331018f0-4fa6-46d3-bf49-dc08405598c3--WUSTL_HPRC_HiFi_Year3_TopUp/NA18612/PacBio_HiFi/m84081_230628_201157_s4.hifi_reads.bc1015.bam
HG03209	s3://human-pangenomics/submissions/42AFCE59-2972-45EE-BB72-5B84E7B57377--HPRC_DEEPCONSENSUS_v1pt2_2023_08_q20/HG03209/raw_data/PacBio_HiFi/deepconsensus/v1pt2/HG03209.m64076_220520_234906.dc.q20.fastq.gz
HG03209	s3://human-pangenomics/submissions/42AFCE59-2972-45EE-BB72-5B84E7B57377--HPRC_DEEPCONSENSUS_v1pt2_2023_08_q20/HG03209/raw_data/PacBio_HiFi/deepconsensus/v1pt2/HG03209.m64076_220524_161808.dc.q20.fastq.gz
HG03209	s3://human-pangenomics/submissions/42AFCE59-2972-45EE-BB72-5B84E7B57377--HPRC_DEEPCONSENSUS_v1pt2_2023_08_q20/HG03209/raw_data/PacBio_HiFi/deepconsensus/v1pt2/HG03209.m64076_220526_115049.dc.q20.fastq.gz
HG03209	s3://human-pangenomics/submissions/42AFCE59-2972-45EE-BB72-5B84E7B57377--HPRC_DEEPCONSENSUS_v1pt2_2023_08_q20/HG03209/raw_data/PacBio_HiFi/deepconsensus/v1pt2/HG03209.m64076_221001_041132.dc.q20.fastq.gz
HG03209	s3://human-pangenomics/submissions/4f8c8e63-dfd3-4f90-965f-8a8cf3ee4de9--UW_HPRC_HiFi_Y4_AND_Y3_Topoff/HG03209/m84046_230617_033126_s1.hifi_reads.bc2020.bam
NA18747	s3://human-pangenomics/submissions/42AFCE59-2972-45EE-BB72-5B84E7B57377--HPRC_DEEPCONSENSUS_v1pt2_2023_08_q20/NA18747/raw_data/PacBio_HiFi/deepconsensus/v1pt2/NA18747.m54329U_220823_191353.dc.q20.fastq.gz
NA18747	s3://human-pangenomics/submissions/42AFCE59-2972-45EE-BB72-5B84E7B57377--HPRC_DEEPCONSENSUS_v1pt2_2023_08_q20/NA18747/raw_data/PacBio_HiFi/deepconsensus/v1pt2/NA18747.m64076_220826_143529.dc.q20.fastq.gz
NA18747	s3://human-pangenomics/submissions/42AFCE59-2972-45EE-BB72-5B84E7B57377--HPRC_DEEPCONSENSUS_v1pt2_2023_08_q20/NA18747/raw_data/PacBio_HiFi/deepconsensus/v1pt2/NA18747.m64076_220828_113336.dc.q20.fastq.gz
NA18747	s3://human-pangenomics/submissions/42AFCE59-2972-45EE-BB72-5B84E7B57377--HPRC_DEEPCONSENSUS_v1pt2_2023_08_q20/NA18747/raw_data/PacBio_HiFi/deepconsensus/v1pt2/NA18747.m64076_221001_041132.dc.q20.fastq.gz
NA18747	s3://human-pangenomics/submissions/4f8c8e63-dfd3-4f90-965f-8a8cf3ee4de9--UW_HPRC_HiFi_Y4_AND_Y3_Topoff/NA18747/m84046_230531_214232_s2.hifi_reads.bc2011.bam
NA18522	s3://human-pangenomics/submissions/42AFCE59-2972-45EE-BB72-5B84E7B57377--HPRC_DEEPCONSENSUS_v1pt2_2023_08_q20/NA18522/raw_data/PacBio_HiFi/deepconsensus/v1pt2/NA18522.m54329U_220604_002013.dc.q20.fastq.gz
NA18522	s3://human-pangenomics/submissions/42AFCE59-2972-45EE-BB72-5B84E7B57377--HPRC_DEEPCONSENSUS_v1pt2_2023_08_q20/NA18522/raw_data/PacBio_HiFi/deepconsensus/v1pt2/NA18522.m54329U_220605_194957.dc.q20.fastq.gz
NA18522	s3://human-pangenomics/submissions/42AFCE59-2972-45EE-BB72-5B84E7B57377--HPRC_DEEPCONSENSUS_v1pt2_2023_08_q20/NA18522/raw_data/PacBio_HiFi/deepconsensus/v1pt2/NA18522.m54329U_220607_194753.dc.q20.fastq.gz
NA18522	s3://human-pangenomics/submissions/4f8c8e63-dfd3-4f90-965f-8a8cf3ee4de9--UW_HPRC_HiFi_Y4_AND_Y3_Topoff/NA18522/m84046_230531_214232_s2.hifi_reads.bc2021.bam
NA18522	s3://human-pangenomics/submissions/4f8c8e63-dfd3-4f90-965f-8a8cf3ee4de9--UW_HPRC_HiFi_Y4_AND_Y3_Topoff/NA18522/m84046_230603_204152_s4.hifi_reads.bc2021.bam
HG00280	s3://human-pangenomics/submissions/42AFCE59-2972-45EE-BB72-5B84E7B57377--HPRC_DEEPCONSENSUS_v1pt2_2023_08_q20/HG00280/raw_data/PacBio_HiFi/deepconsensus/v1pt2/HG00280.m54329U_220901_221341.dc.q20.fastq.gz
HG00280	s3://human-pangenomics/submissions/42AFCE59-2972-45EE-BB72-5B84E7B57377--HPRC_DEEPCONSENSUS_v1pt2_2023_08_q20/HG00280/raw_data/PacBio_HiFi/deepconsensus/v1pt2/HG00280.m64076_220831_191646.dc.q20.fastq.gz
HG00280	s3://human-pangenomics/submissions/42AFCE59-2972-45EE-BB72-5B84E7B57377--HPRC_DEEPCONSENSUS_v1pt2_2023_08_q20/HG00280/raw_data/PacBio_HiFi/deepconsensus/v1pt2/HG00280.m64457e_220825_195635.dc.q20.fastq.gz
HG00280	s3://human-pangenomics/submissions/4f8c8e63-dfd3-4f90-965f-8a8cf3ee4de9--UW_HPRC_HiFi_Y4_AND_Y3_Topoff/HG00280/m84046_230628_213236_s2.hifi_reads.bc2051.bam
HG00140	s3://human-pangenomics/submissions/42AFCE59-2972-45EE-BB72-5B84E7B57377--HPRC_DEEPCONSENSUS_v1pt2_2023_08_q20/HG00140/raw_data/PacBio_HiFi/deepconsensus/v1pt2/HG00140.m64043_220728_173215.dc.q20.fastq.gz
HG00140	s3://human-pangenomics/submissions/42AFCE59-2972-45EE-BB72-5B84E7B57377--HPRC_DEEPCONSENSUS_v1pt2_2023_08_q20/HG00140/raw_data/PacBio_HiFi/deepconsensus/v1pt2/HG00140.m64136_220715_182717.dc.q20.fastq.gz
HG00140	s3://human-pangenomics/submissions/42AFCE59-2972-45EE-BB72-5B84E7B57377--HPRC_DEEPCONSENSUS_v1pt2_2023_08_q20/HG00140/raw_data/PacBio_HiFi/deepconsensus/v1pt2/HG00140.m64136_220717_152248.dc.q20.fastq.gz
HG00140	s3://human-pangenomics/submissions/42AFCE59-2972-45EE-BB72-5B84E7B57377--HPRC_DEEPCONSENSUS_v1pt2_2023_08_q20/HG00140/raw_data/PacBio_HiFi/deepconsensus/v1pt2/HG00140.m64136_220719_122056.dc.q20.fastq.gz
HG00140	s3://human-pangenomics/submissions/331018f0-4fa6-46d3-bf49-dc08405598c3--WUSTL_HPRC_HiFi_Year3_TopUp/HG00140/PacBio_HiFi/m84081_230628_194051_s3.hifi_reads.bc1018.bam
HG00140	s3://human-pangenomics/submissions/331018f0-4fa6-46d3-bf49-dc08405598c3--WUSTL_HPRC_HiFi_Year3_TopUp/HG00140/PacBio_HiFi/m84081_230628_201157_s4.hifi_reads.bc1018.bam
HG02976	s3://human-pangenomics/submissions/42AFCE59-2972-45EE-BB72-5B84E7B57377--HPRC_DEEPCONSENSUS_v1pt2_2023_08_q20/HG02976/raw_data/PacBio_HiFi/deepconsensus/v1pt2/HG02976.m64043_220617_195135.dc.q20.fastq.gz
HG02976	s3://human-pangenomics/submissions/42AFCE59-2972-45EE-BB72-5B84E7B57377--HPRC_DEEPCONSENSUS_v1pt2_2023_08_q20/HG02976/raw_data/PacBio_HiFi/deepconsensus/v1pt2/HG02976.m64043_220619_164635.dc.q20.fastq.gz
HG02976	s3://human-pangenomics/submissions/42AFCE59-2972-45EE-BB72-5B84E7B57377--HPRC_DEEPCONSENSUS_v1pt2_2023_08_q20/HG02976/raw_data/PacBio_HiFi/deepconsensus/v1pt2/HG02976.m64043_220621_134351.dc.q20.fastq.gz
HG02976	s3://human-pangenomics/submissions/42AFCE59-2972-45EE-BB72-5B84E7B57377--HPRC_DEEPCONSENSUS_v1pt2_2023_08_q20/HG02976/raw_data/PacBio_HiFi/deepconsensus/v1pt2/HG02976.m64043_220726_203720.dc.q20.fastq.gz
HG02976	s3://human-pangenomics/submissions/331018f0-4fa6-46d3-bf49-dc08405598c3--WUSTL_HPRC_HiFi_Year3_TopUp/HG02976/PacBio_HiFi/m84081_230630_190803_s1.hifi_reads.bc1009.bam
HG02976	s3://human-pangenomics/submissions/331018f0-4fa6-46d3-bf49-dc08405598c3--WUSTL_HPRC_HiFi_Year3_TopUp/HG02976/PacBio_HiFi/m84081_230630_193909_s2.hifi_reads.bc1009.bam
HG03195	s3://human-pangenomics/submissions/42AFCE59-2972-45EE-BB72-5B84E7B57377--HPRC_DEEPCONSENSUS_v1pt2_2023_08_q20/HG03195/raw_data/PacBio_HiFi/deepconsensus/v1pt2/HG03195.m64043_220726_203720.dc.q20.fastq.gz
HG03195	s3://human-pangenomics/submissions/42AFCE59-2972-45EE-BB72-5B84E7B57377--HPRC_DEEPCONSENSUS_v1pt2_2023_08_q20/HG03195/raw_data/PacBio_HiFi/deepconsensus/v1pt2/HG03195.m64136_220617_195203.dc.q20.fastq.gz
HG03195	s3://human-pangenomics/submissions/42AFCE59-2972-45EE-BB72-5B84E7B57377--HPRC_DEEPCONSENSUS_v1pt2_2023_08_q20/HG03195/raw_data/PacBio_HiFi/deepconsensus/v1pt2/HG03195.m64136_220619_164654.dc.q20.fastq.gz
HG03195	s3://human-pangenomics/submissions/42AFCE59-2972-45EE-BB72-5B84E7B57377--HPRC_DEEPCONSENSUS_v1pt2_2023_08_q20/HG03195/raw_data/PacBio_HiFi/deepconsensus/v1pt2/HG03195.m64136_220621_134558.dc.q20.fastq.gz
HG03195	s3://human-pangenomics/submissions/331018f0-4fa6-46d3-bf49-dc08405598c3--WUSTL_HPRC_HiFi_Year3_TopUp/HG03195/PacBio_HiFi/m84081_230628_183924_s1.hifi_reads.bc1010.bam
HG03195	s3://human-pangenomics/submissions/331018f0-4fa6-46d3-bf49-dc08405598c3--WUSTL_HPRC_HiFi_Year3_TopUp/HG03195/PacBio_HiFi/m84081_230628_190945_s2.hifi_reads.bc1010.bam
HG03195	s3://human-pangenomics/submissions/331018f0-4fa6-46d3-bf49-dc08405598c3--WUSTL_HPRC_HiFi_Year3_TopUp/HG03195/PacBio_HiFi/m84081_230715_203436_s1.hifi_reads.bc1010.bam
HG03195	s3://human-pangenomics/submissions/331018f0-4fa6-46d3-bf49-dc08405598c3--WUSTL_HPRC_HiFi_Year3_TopUp/HG03195/PacBio_HiFi/m84081_230715_210542_s2.hifi_reads.bc1010.bam
HG03195	s3://human-pangenomics/submissions/331018f0-4fa6-46d3-bf49-dc08405598c3--WUSTL_HPRC_HiFi_Year3_TopUp/HG03195/PacBio_HiFi/m84081_230715_213648_s3.hifi_reads.bc1010.bam
HG03195	s3://human-pangenomics/submissions/331018f0-4fa6-46d3-bf49-dc08405598c3--WUSTL_HPRC_HiFi_Year3_TopUp/HG03195/PacBio_HiFi/m84081_230715_220754_s4.hifi_reads.bc1010.bam
NA19043	s3://human-pangenomics/submissions/42AFCE59-2972-45EE-BB72-5B84E7B57377--HPRC_DEEPCONSENSUS_v1pt2_2023_08_q20/NA19043/raw_data/PacBio_HiFi/deepconsensus/v1pt2/NA19043.m54329U_220916_162216.dc.q20.fastq.gz
NA19043	s3://human-pangenomics/submissions/42AFCE59-2972-45EE-BB72-5B84E7B57377--HPRC_DEEPCONSENSUS_v1pt2_2023_08_q20/NA19043/raw_data/PacBio_HiFi/deepconsensus/v1pt2/NA19043.m54329U_220918_114340.dc.q20.fastq.gz
NA19043	s3://human-pangenomics/submissions/42AFCE59-2972-45EE-BB72-5B84E7B57377--HPRC_DEEPCONSENSUS_v1pt2_2023_08_q20/NA19043/raw_data/PacBio_HiFi/deepconsensus/v1pt2/NA19043.m54329U_220920_065703.dc.q20.fastq.gz
NA19043	s3://human-pangenomics/submissions/4f8c8e63-dfd3-4f90-965f-8a8cf3ee4de9--UW_HPRC_HiFi_Y4_AND_Y3_Topoff/NA19043/m84046_230519_231055_s2.hifi_reads.bc2061.bam
NA19043	s3://human-pangenomics/submissions/4f8c8e63-dfd3-4f90-965f-8a8cf3ee4de9--UW_HPRC_HiFi_Y4_AND_Y3_Topoff/NA19043/m84046_230712_000908_s4.hifi_reads.bc2061.bam
NA20752	s3://human-pangenomics/submissions/42AFCE59-2972-45EE-BB72-5B84E7B57377--HPRC_DEEPCONSENSUS_v1pt2_2023_08_q20/NA20752/raw_data/PacBio_HiFi/deepconsensus/v1pt2/NA20752.m64457e_220827_152226.dc.q20.fastq.gz
NA20752	s3://human-pangenomics/submissions/42AFCE59-2972-45EE-BB72-5B84E7B57377--HPRC_DEEPCONSENSUS_v1pt2_2023_08_q20/NA20752/raw_data/PacBio_HiFi/deepconsensus/v1pt2/NA20752.m64457e_220829_104034.dc.q20.fastq.gz
NA20752	s3://human-pangenomics/submissions/42AFCE59-2972-45EE-BB72-5B84E7B57377--HPRC_DEEPCONSENSUS_v1pt2_2023_08_q20/NA20752/raw_data/PacBio_HiFi/deepconsensus/v1pt2/NA20752.m64457e_220831_195843.dc.q20.fastq.gz
NA20752	s3://human-pangenomics/submissions/4f8c8e63-dfd3-4f90-965f-8a8cf3ee4de9--UW_HPRC_HiFi_Y4_AND_Y3_Topoff/NA20752/m84046_230517_211630_s4.hifi_reads.bc2052.bam
HG02273	s3://human-pangenomics/submissions/42AFCE59-2972-45EE-BB72-5B84E7B57377--HPRC_DEEPCONSENSUS_v1pt2_2023_08_q20/HG02273/raw_data/PacBio_HiFi/deepconsensus/v1pt2/HG02273.m64043_220429_171542.dc.q20.fastq.gz
HG02273	s3://human-pangenomics/submissions/42AFCE59-2972-45EE-BB72-5B84E7B57377--HPRC_DEEPCONSENSUS_v1pt2_2023_08_q20/HG02273/raw_data/PacBio_HiFi/deepconsensus/v1pt2/HG02273.m64043_220501_041051.dc.q20.fastq.gz
HG02273	s3://human-pangenomics/submissions/42AFCE59-2972-45EE-BB72-5B84E7B57377--HPRC_DEEPCONSENSUS_v1pt2_2023_08_q20/HG02273/raw_data/PacBio_HiFi/deepconsensus/v1pt2/HG02273.m64043_220503_153752.dc.q20.fastq.gz
HG02273	s3://human-pangenomics/submissions/331018f0-4fa6-46d3-bf49-dc08405598c3--WUSTL_HPRC_HiFi_Year3_TopUp/HG02273/PacBio_HiFi/m84081_230630_190803_s1.hifi_reads.bc1002.bam
HG02273	s3://human-pangenomics/submissions/331018f0-4fa6-46d3-bf49-dc08405598c3--WUSTL_HPRC_HiFi_Year3_TopUp/HG02273/PacBio_HiFi/m84081_230630_193909_s2.hifi_reads.bc1002.bam
HG02922	s3://human-pangenomics/submissions/42AFCE59-2972-45EE-BB72-5B84E7B57377--HPRC_DEEPCONSENSUS_v1pt2_2023_08_q20/HG02922/raw_data/PacBio_HiFi/deepconsensus/v1pt2/HG02922.m54329U_220816_182601.dc.q20.fastq.gz
HG02922	s3://human-pangenomics/submissions/42AFCE59-2972-45EE-BB72-5B84E7B57377--HPRC_DEEPCONSENSUS_v1pt2_2023_08_q20/HG02922/raw_data/PacBio_HiFi/deepconsensus/v1pt2/HG02922.m54329U_220903_190900.dc.q20.fastq.gz
HG02922	s3://human-pangenomics/submissions/42AFCE59-2972-45EE-BB72-5B84E7B57377--HPRC_DEEPCONSENSUS_v1pt2_2023_08_q20/HG02922/raw_data/PacBio_HiFi/deepconsensus/v1pt2/HG02922.m54329U_220905_144015.dc.q20.fastq.gz
HG02922	s3://human-pangenomics/submissions/42AFCE59-2972-45EE-BB72-5B84E7B57377--HPRC_DEEPCONSENSUS_v1pt2_2023_08_q20/HG02922/raw_data/PacBio_HiFi/deepconsensus/v1pt2/HG02922.m54329U_220907_100858.dc.q20.fastq.gz
HG02922	s3://human-pangenomics/submissions/42AFCE59-2972-45EE-BB72-5B84E7B57377--HPRC_DEEPCONSENSUS_v1pt2_2023_08_q20/HG02922/raw_data/PacBio_HiFi/deepconsensus/v1pt2/HG02922.m64457e_220902_165459.dc.q20.fastq.gz
HG02922	s3://human-pangenomics/submissions/42AFCE59-2972-45EE-BB72-5B84E7B57377--HPRC_DEEPCONSENSUS_v1pt2_2023_08_q20/HG02922/raw_data/PacBio_HiFi/deepconsensus/v1pt2/HG02922.m64457e_220904_135104.dc.q20.fastq.gz
HG02922	s3://human-pangenomics/submissions/42AFCE59-2972-45EE-BB72-5B84E7B57377--HPRC_DEEPCONSENSUS_v1pt2_2023_08_q20/HG02922/raw_data/PacBio_HiFi/deepconsensus/v1pt2/HG02922.m64457e_220906_104717.dc.q20.fastq.gz
HG02922	s3://human-pangenomics/submissions/4f8c8e63-dfd3-4f90-965f-8a8cf3ee4de9--UW_HPRC_HiFi_Y4_AND_Y3_Topoff/HG02922/m84046_230617_040148_s2.hifi_reads.bc2053.bam
